# globalgrid2050	unix	entry_lines	entries	sha12
1789811627	33214329	16760	6fa3bfbbb461
1789811567	33214323	16760	fc2e2208b792
1789811348	33214294	16760	7a0b5d7b05ce
1789811133	33214129	16759	11b57eb12a9e
1789810971	33214129	16759	19e34e7dc5f4
1789807268	33214128	16759	94f7aa623fc0
1789803667	33214095	16756	087bf0575623
1789800066	33214062	16753	6bfdedc5e4e6
1789796467	33214029	16750	ff37559d1644
1789792866	33213996	16747	6ff76447cdb6
1789789265	33213963	16744	46adc222853b
1789788938	33213930	16741	0b680df6c00d
1789787522	33213930	16741	c002bc326346
1789787180	33213875	16741	09091d5e4374
1789785970	33213829	16740	aad82b4152d4
1789785665	33213829	16740	f0aee57c8fcc
1789784671	33213796	16737	94638bcccfa1
1789784579	33213796	16737	4abb1256afa7
1789784180	33213796	16737	aa78a9a4ec1d
1789784024	33210855	16707	771a7108261e
1789783832	33210855	16707	717e3e4e17c9
1789783784	33210855	16707	a11edd1078fe
1789783757	33210855	16707	7a7eeddd2879
1789783047	33210855	16707	7beaa909416a
1789782192	33210855	16707	d6ba28386d44
1789782078	33210854	16706	fbbc838073e0
1789781175	33210821	16703	96133f6b5db4
1789781111	33210821	16703	2400479a47e1
1789781091	33210821	16703	da6156317c7c
1789780712	33210820	16702	ec0b2bdd2c2f
1789780337	33210808	16702	7f06021684f8
1789780278	33210808	16702	d8dfadb5e1cc
1789779271	33210461	16702	d7ff5ae3039d
1789778982	33210351	16701	242bcdf4b7fc
1789778477	33210102	16700	980431a9167d
1789778295	33210069	16697	a36100d8a946
1789778277	33210069	16697	1891462658ec
1789778218	33210069	16697	2f54badd3930
1789778058	33210068	16696	8bcec40c5851
1789777958	33210067	16696	56d9fc5daf15
1789777537	33210067	16696	6548e82382f7
1789777025	33210067	16696	f3f29b20db83
1789776653	33210067	16696	e24604dcf001
1789774876	33207840	16671	640b8d694a5a
1789771276	33207807	16668	c281c65a1824
1789767676	33207774	16665	65b1b5482c91
1789764080	33207741	16662	0998f6b35c84
1789760508	33207708	16659	7071437888a9
1789756895	33207675	16656	2d8c020ca9f9
1789742468	33207642	16653	16a79e12a006
1789740883	33207609	16650	174980319a25
1789738883	33207609	16650	53b92ec6367b
1789720868	33207576	16647	139cef9768de
1789717267	33207543	16644	d4d5972b8cc2
1789713666	33207510	16641	a56379f76616
1789710065	33207477	16638	5015f9d3463a
1789706467	33207444	16635	93362e25d16c
1789702864	33207411	16632	6efb20d1007c
1789700615	33207378	16629	9bff0c44d3ae
1789700578	33207378	16629	dfabb36e679f
1789700568	33207377	16629	d0635873d049
1789699785	33207377	16629	f63b8813a0f4
1789699679	33207344	16626	16b74278344a
1789699550	33207311	16623	81d293532226
1789699486	33207281	16623	55fd025a7ecb
1789699267	33207279	16622	7567bd348205
1789699209	33207279	16622	cd5d8ac0a21a
1789699063	33207277	16621	1f8293d27d19
1789698272	33207274	16621	20f3eae424d1
1789697951	33207272	16620	f8bd6c6ffdd2
1789697425	33205085	16599	7f5aff7352ed
1789696356	33205076	16599	db0273c85db2
1789695715	33205076	16599	633139cc64a5
1789695415	33202911	16584	93c886733151
1789695241	33202878	16581	b616df33e833
1789695239	33202878	16581	07088491cdf3
1789695238	33202878	16580	7513c7b263db
1789695236	33202878	16579	609d41827e26
1789695154	33202845	16578	1d518af2079a
1789695153	33202845	16578	7634a97e1009
1789695151	33202845	16577	9dd3eb6b9df3
1789695150	33202845	16576	17ece6aa8470
1789695134	33202812	16575	19d4d39d1e19
1789695132	33202812	16575	827d9761b31e
1789695131	33202812	16574	06e01312efa1
1789695129	33202812	16573	0df1f2b2ee0d
1789694688	33202781	16572	ad09c130e144
1789694687	33202774	16571	423a0bed500a
1789694686	33202774	16570	76152bc3b9d3
1789694684	33202774	16569	4f1abc9968bf
1789693537	33202743	16568	61a437352ff0
1789693536	33202743	16567	2310a1aed3b7
1789693535	33202743	16566	e9609f1e1e3c
1789693522	33131454	16027	4f3ff4f41348
1789693244	33135193	16058	c4b84c7c2bce
1789606222	33202710	16565	5fadc002d61f
1789605446	33202667	16564	92e69248ac47
1789605020	33181327	16424	a9131e102cf5
1789604982	33159974	16284	ca5d4931199e
1789603780	33156755	16247	b9da521beeac
1789603348	33156929	16247	dc433f72df6e
1789602169	33156670	16246	ecedefad8990
1789602115	33137368	16096	b4c7b4287c73
1789600008	33134358	16059	d098d0256be5
1789599924	33134351	16059	4f37f0874504
1789598687	33136864	16083	530d52b160fa
1789596968	33134106	16053	3b577a083a2c
1789596193	33135160	16055	e584ebd99d65
1789556290	33131418	16024	15a292533f92
1789555948	33131418	16024	7eefba1f1ae6
1789555777	33131420	16024	0dbfb28451be
1789555011	33131420	16024	b7cec11b95aa
1789544967	33132486	16026	69b7e9a370f0
1789544570	33132413	16026	d328c4103ce3
1789544414	33132397	16026	92e5f80b8bf2
1789544275	33132397	16026	732c19bea3e1
1789542978	33132164	16025	d1177dfa788e
1789542808	33132156	16025	8f4aff992a50
1789542583	33132127	16025	21ddc7edd270
1789542065	33131922	16025	017ea43eb1ed
1789541798	33131922	16025	36e9947ae6ec
1789541384	33131757	16024	79a3748b53c3
1789541018	33131659	16024	3462c36d2539
1789540851	33131558	16024	c09297732a6f
1789540529	33131421	16024	be33fe7ff89e
1789540361	33131375	16024	dc403bd3d431
1789540105	33131311	16024	4a13fa578731
1789539732	33131188	16024	0755dfd359ad
1789538960	33131094	16024	000108f7ebe9
1789538840	33131075	16024	3a7fec02bb12
1789538270	33131037	16024	e997dcd9a07f
1789537850	33131013	16024	67e96a8ad19d
1789537106	33130959	16024	f78282ad2356
1789536939	33130875	16024	3e1b95c708ce
1789536203	33130701	16022	cb9f64415357
1789535315	33130606	16021	933f74a46dba
1789535141	33130502	16020	34136ab5b227
1789534505	33130397	16020	f18283f6c68a
1789534372	33127805	16020	f34fe629341c
1789533526	33127769	16020	0146fade9974
1789532637	33127711	16020	960b32147b08
1789532278	33127552	16019	f91ed3b20d6d
1789532200	33127517	16019	09e5ab57eea3
1789531943	33127468	16018	abd5a989cef0
1789531701	33127436	16018	b90b4537c9ae
1789530903	33127277	16017	b0905c5bf954
1789529923	33127001	16015	32e9d54dea1f
1789529468	33126918	16015	acd2f242667d
1789529028	33124854	16015	dd45b6b72bb9
1789529009	33124718	16014	8dd975d61b04
1789528425	33124352	16013	775a8c093155
1789527932	33124021	16013	6a30bb9d20a5
1789527859	33124020	16013	067d0aa5aef7
1789527693	33123947	16012	3466b6a40aba
1789527433	33118562	15891	b8e5f982b810
1789527384	33118546	15891	be7410fd548d
1789526970	33117951	15889	12ea17eea2f8
1789526237	33117741	15888	496fd89a8e8d
1789526080	33117700	15888	5831ba98caae
1789525792	33117554	15888	a0dcbcc42968
1789525460	33117364	15886	cdbade4cedb2
1789525252	33117082	15884	39850ffceac1
1789525032	33117013	15884	3b3988b36c2b
1789524602	33117012	15884	87b6301d7707
1789524582	33116937	15884	14ddf09577b5
1789524352	33116739	15884	947d9d0849ae
1789523765	33116238	15825	8435256329c6
1789523679	33116202	15825	045f827e50b2
1789523567	33114337	15812	41f936b31ec8
1789522811	33114052	15812	75040b0f62aa
1789522574	33114052	15812	5a9189470e42
1789522477	33114052	15812	7f956d8e1ab4
1789522137	33114041	15812	385e7f517bde
1789521303	33112264	15806	4f0d52eacbdf
1789510780	33110611	15794	b4ac20ec0a29
1789510192	33110383	15792	75318884e4a1
1789510052	33110173	15790	7bb571eeaef4
1789509986	33110155	15790	b84b2b618b7d
1789509933	33110155	15790	f3ed91a7c0cd
1789508873	33106630	15761	0e88e42c0d6d
1789490081	33106402	15759	d3898fab970b
1789489083	33106402	15759	82a02ec0b57a
1789488534	33106402	15759	c23329c118cb
1789485926	33105705	15754	0cc1750d99d5
1789482876	33105459	15752	e53911c1db8b
1789482024	33104435	15735	ebe99e25b94f
1789481691	33103693	15731	6a9863f774c3
1789481572	33103639	15731	f8dd41003974
1789481202	33103580	15730	bf955ffc213b
1789480970	33103405	15729	e3212ddd154f
1789480970	33102403	15722	c2027130a3a1
1789480970	33102403	15722	b45a0aca597b
1789480970	33101615	15720	a3d55686d1ba
1789480970	33101615	15720	8c8486e6d7c2
1789480970	33101615	15720	119be4670ad2
1789480970	33101563	15720	9cf016b64a01
1789480970	33101563	15720	41253c058433
1789480970	33101559	15720	adb29748d170
1789480970	33101352	15719	ee814624eae3
1789480970	33722484	15933	f3bb7b4bfa14
1789480970	33722481	15933	6ff0473b33c8
1789480970	33722395	15933	f2f6fced8550
1789480969	33722136	15933	757175525882
1789480969	33722334	15933	b18a6ec431d1
1789480969	33722326	15933	ddff40287b70
1789475705	33722385	15934	85472555d0eb
1789466628	33721955	15927	b9c82a97d962
1789466284	33721896	15926	75781be8441f
1789466284	33721905	15926	eae901b394b7
1789449768	33721695	15924	a21d5c0344fa
1789449598	33663410	15892	c7394a61f855
1789449570	33663382	15892	59c87b7426a4
1789449499	33663311	15892	7d79470fb923
1789449439	33663297	15892	4d44e187bb71
1789449397	33721111	15920	877589e28f9a
1789449361	33665948	15902	48132e7b556d
1789449285	33717989	15906	bf1d78b6905f
1789449251	33665948	15902	8db9509b3cae
1789449203	33717989	15906	baab7f80f19c
1789449185	33665949	15902	21cfd0e1bdd5
1789449098	33717978	15906	db721a2dcf90
1789449067	33717978	15906	addafd9dd8ee
1789449010	33717977	15906	670c785e00c4
1789448988	33717977	15906	e8afbeeda965
1789437678	33662826	15888	7edc6fbd7f2d
1789437662	33662817	15888	0f68c6ca7885
1789436683	33662606	15886	95289afc7e75
1789436636	33662396	15884	064724942dcc
1789436409	33581172	15866	1e8424f94739
1789436398	33581168	15866	e84aede1c473
1789435756	33581166	15866	f0cf6c6d9416
1789435615	33580877	15865	238fcd17c2c9
1789435218	33580813	15864	c86200d4f431
1789435151	33580603	15862	6be371be5f23
1789435103	33580602	15862	2052cfc0554a
1789434785	33561546	15636	e7b39a9bc53c
1789430850	33560696	15631	b1c4ec082c6d
1789427828	33542811	15598	35f07f9c0ef6
1789427794	33542601	15596	da4b63ca38eb
1789427794	33542431	15595	3c2962ed2119
1789427747	33534883	15555	b8ff0070e5eb
1789427729	33534883	15555	c44b2be2034b
1789427662	33534433	15552	068d0adcd5d7
1789427632	33534433	15552	59e5fa5e8544
1789409542	33533764	15543	1a382b71b99c
1789403539	33531805	15520	3bb63b5a771a
1789400214	33531596	15518	1ad3d84b94bc
1789399870	33531492	15517	4cf64e20fc21
1789399321	33531433	15511	c99faac05b34
1789397282	33530411	15497	ea06540af272
1789395800	33530201	15495	5c5882b8fcc7
1789393857	33529856	15489	a88abf09e360
1789389018	33528861	15475	065a39d081f5
1789388937	33528641	15473	3d0c1548b3fc
1789388358	33528420	15471	f9df600f5ed9
1789387656	33528199	15469	1f9cde64c216
1789332674	33527978	15467	a387cac3aa3f
1789332674	33527986	15467	539917623e64
1789332113	33527757	15465	f87c8c89c1a7
1789332113	33527756	15465	3ee475fc93f8
1789331456	33527528	15463	02776ec5c266
1789331456	33527528	15463	52a9d483355c
1789326165	33527301	15461	89560f4bbbe3
1789326165	33527300	15461	fb45209f4554
1789034761	33527074	15459	6928cffdc342
1789034292	33527077	15459	d9dd58ddcb71
1789034232	33527073	15459	94218a9b8597
1789034213	33527053	15458	6bd4a3335893
1788906612	33526853	15457	bbdedab1eb8a
1788902732	32902137	15225	dfb405c0d2cc
1788902306	32897016	15225	09a5fe9065d5
1788902305	32902119	15225	f7a7e2e6602b
1788872352	32896794	15223	5dffc698265d
1788872342	32901861	15223	998d127174f8
1788862850	32901897	15223	b45566bd7fec
1788862779	32901879	15223	99fe5b3087db
1788857973	32276804	14992	1f1fe10bf668
1788857900	32276804	14992	94e5f107aadd
1788857885	32276657	14991	f3b3e52d5aa1
1788857855	32276804	14992	ad2626f008d6
1788842176	32276657	14991	0217d0647ef0
1788841706	32276539	14991	19856436ca26
1788841694	31654939	14777	c5e227cd72b9
1788832315	32276329	14989	cf2b27af4152
1788785022	31654729	14775	28e41f129d80
1788784233	31654693	14775	bfad32311722
1788704140	31030432	14548	0ca3e893da2d
1788703993	31030429	14548	f5a9028cd77f
1788702449	31022471	14542	bd442baab49e
1788702278	31022460	14542	07a57eacab5c
1788702046	31022446	14542	096b5527a2b7
1788701801	31022419	14542	fbb2d0f2ab1b
1788701734	31022409	14542	df4719823d0f
1788701581	31022401	14542	dee1b8bb4a46
1788701097	30400178	14328	37b9276ee97d
1788697735	30399853	14325	d64e73f37439
1788697524	30399846	14325	5b208423ef98
1788697504	30400240	14327	c9fd7dad8fdf
1788695984	30400187	14327	b19d3231b4ed
1788695883	30400164	14327	e25a93e4159b
1788695608	30400158	14327	6f4a8e7c08ac
1788695162	29778976	14115	80bceba41a4e
1788694781	29778976	14115	b9a3995fe907
1788694672	29778976	14115	f6417f1c8734
1788694200	29778965	14115	1203b6e1b853
1788692617	29778893	14115	2c767276e546
1788692256	29778736	14115	8b71c824479b
1788692047	29778719	14115	846283ef4c38
1788691783	29778129	14113	6177ccd0f41a
1788691119	29776507	14107	4a70ba169e8a
1788690912	29776318	14105	cc1faaadc962
1788690420	29775747	14103	7c0bdc2cccce
1788690220	29775178	14101	3e5c6b52905d
1788689548	29773968	14097	850afb16df31
1788689288	29773365	14095	ccb376241113
1788673507	29152321	13883	ddffebebe613
1788673084	29137318	13849	93961b0d3388
1788672746	29122331	13815	282368be79f4
1788672304	29107356	13781	00c94eb26860
1788671982	29097833	13748	424e5a0b60d4
1788671557	29082892	13714	189c25b876e2
1788671208	29067977	13680	d66f36c81483
1788670570	29057887	13645	7f7be6e54e2b
1788670175	29048371	13612	8486a34b24c6
1788669759	29033644	13579	a1fdc757efc3
1788669416	29018927	13546	02e7aac373f4
1788669001	29015986	13533	1ae532c5ff5b
1788668358	29001277	13500	9d364a218b91
1788667491	29000762	13498	95dfa2ce68c6
1788666778	28944349	13372	22f337b9471a
1788666422	28894757	13110	17d2733d5f1a
1788665970	28829034	12770	42f2b3a801c1
1788665530	28796099	12605	f772dc96c326
1788665516	28795009	12603	1a339a020474
1788665281	28766680	12539	62728009e87c
1788664992	28724653	12444	1f1ad310a40c
1788664982	28724174	12443	17d93008e51f
1788664836	28676661	12205	878273f3c370
1788664705	28676192	12204	4e0b72bf30c6
1788664604	28675727	12203	1b9a9867545e
1788664511	28647732	12139	74edc722aa2c
1788664275	28647320	12138	2dedd4f298e5
1788664102	28646926	12137	1d0441b7db06
1788664056	28629980	12105	c2f70c627bc3
1788663135	28629524	12104	24a3d8880904
1788662610	28629089	12102	895cadcfa0d8
1788662121	28627942	12099	2357cd238763
1788661720	28613926	12023	63acce00fbf4
1788661140	28605196	11995	37e4c6929060
1788660907	28604462	11993	1c551a2928bd
1788660801	28591559	11924	ced186e3fe5e
1788660530	28590455	11920	d9a5c89f0f68
1788660387	28590042	11914	ecbd0a5a3614
1788660314	28589739	11911	31f02e82388c
1788660105	28587096	11905	0f667ea9bd31
1788659953	28586483	11902	9d22069317e3
1788659574	28584130	11899	6a2af6197d30
1788657809	28583710	11896	30b97a7a2a8b
1788656095	28582932	11892	dfbcd6c93b29
1788655691	28582932	11892	df21616eb21f
1788645847	28582729	11891	5a34edda04fe
1788645448	28582289	11884	bc2880a869c0
1788645448	28581872	11882	8ea10cb88671
1788645447	28581871	11881	0dc0c5037803
1788645447	28581836	11878	2832aa90b4fd
1788645447	28581830	11874	ba2c67edcd83
1788645447	28581824	11871	3d39203f7865
1788645447	28581816	11867	ff71f389e168
1788644999	28581785	11863	5c5985a57eac
1788644691	28581359	11856	acbbfdf3d5c6
1788644443	28580863	11847	89a6bb3b817a
1788643707	28580410	11841	b7e8d25d6d08
1788643669	28580028	11839	4ec5b85b6f46
1788642042	28579649	11837	fab09433b906
1788639869	28579253	11832	398733031805
1788639663	28453036	11620	ff6690045e2f
1788639396	28326896	11411	616c2df25aa7
1788639121	28201148	11203	30e55559fc29
1788638925	28075571	10996	cbaaa66a25ea
1788638355	27950051	10790	53745c3facca
1788638060	27824592	10585	c6cdf4fce91e
1788637769	27699200	10381	a7fb24c22dec
1788637541	27573873	10178	ea4ed427b71e
1788637436	27448611	9976	41907936437e
1788637021	27323402	9775	64085673f8a2
1788636804	27198304	9575	b48e406e9e61
1788636509	27073269	9376	1f8be09f86fa
1788636430	26948291	9178	a9474d74d0a4
1788635244	26947934	9175	c4c704e293a0
1788635154	26823020	8977	169673198260
1788634931	26698118	8779	9fe82394d18d
1788634255	26579351	8599	4185020ade7d
1788634152	26466320	8438	fc947ad0f9c9
1788634077	26353525	8279	d1443c2fcd10
1788633992	26240857	8121	322ba18938b7
1788633910	26128400	7964	8a20401537a7
1788632507	26016074	7808	30df31f37174
1788632248	25903843	7653	169f71601534
1788627085	25791626	7498	95bf285fb8ea
1788626066	25791267	7495	ee7371e8c8a7
1788625466	25790944	7493	0f73abf1054c
1788625129	25710165	7341	1674b9ccb5c6
1788624574	25709844	7339	dfcbc3f26ec1
1788623182	25628777	7185	92bcf29180ae
1788623157	25628456	7183	e3bcd5232247
1788622257	25628135	7181	9346073112e0
1788621801	25547071	7027	1febc56cb0ce
1788620283	25466182	6873	619c6d31d3a4
1788618387	25385778	6719	2cd57d15b733
1788616202	25307221	6566	7ddc71e79820
1788615810	25258383	6474	2b91603f73de
1788613938	25258079	6473	18c3e2e1bd62
1788613425	25258078	6473	0f045db597b4
1788613138	25230143	6330	7df9dd2fb4df
1788610769	25229840	6329	9bd0d11e453f
1788609571	25201248	6201	7c21f27158f4
1788609461	25166177	6083	87fe12502e77
1788609036	24546184	5874	313f56238b91
1788601009	24545033	5871	c1b24e6d601d
1788580386	24544983	5871	5fa6ebf73426
1788578661	24544697	5870	24171fd1d342
1788577880	24544672	5870	362b679a0f78
1788577458	24531920	5806	e6f39c98d1b5
1788576833	24531894	5806	9a1cd023b089
1788575801	24531802	5806	799dd36dc1ca
1788575743	24531530	5803	347d93fa1047
1788574819	24518997	5739	1b51cf261069
1788573965	24506574	5675	e4f32ae4dab5
1788572918	24494178	5611	1a6445cc52f3
1788572625	24494184	5611	6ecc0dc04da8
1788572336	24494137	5611	a4faffc1cc18
1788561427	24492814	5606	5260db101e64
1788493924	24492432	5605	ab8545145e0e
1788490923	24491993	5604	6e462c5ca0ff
1788489868	24491940	5604	50ab95911aa0
1788489460	24491408	5603	9e42af8a1ade
1788488579	24490971	5602	d377a47a180d
1788487849	24490971	5602	e46a2c9b622c
1788484703	24478120	5537	7b91a994a689
1788483936	24477603	5536	0051b3dc25f8
1788483105	24477603	5536	37ea8bab11c0
1788481329	24476788	5535	c9c9f61f6daf
1788480610	24476784	5535	fd33c797374d
1788480475	24476707	5535	af40047bc8ed
1788478613	24476374	5533	7d00781b6993
1788478518	24476325	5533	ea97bf09a16e
1788478260	24464649	5471	5c700a4abdad
1788478229	24464359	5470	5efdc5ef493b
1788476227	24463924	5469	d62d51258a32
1788474441	24452275	5407	d5aafefb72ad
1788441440	24440625	5345	9c4a0df3c03a
1788405454	24429213	5283	a0f93e875717
1788402907	24428961	5282	fafa4d2d6a15
1788402570	24428945	5282	687d03f64919
1788397854	24428695	5281	87e6da86edcc
1788394259	24428449	5280	864b92ea490f
1788390637	24417541	5219	3462a0794aa6
1788380010	24406653	5158	8183d31eb125
1788378795	24395780	5097	1f03e4d70b0f
1788377858	24395280	5094	685ce8450a1c
1788377131	24394803	5091	9c36d53c45ed
1788377047	24394278	5088	4ab570630256
1788375749	24394043	5087	9f1a7b968f2c
1788329623	24393511	5084	77e4eeaff7e2
1788329514	24393274	5083	1bbb0b21336c
1788329064	24382714	5024	8b82b3921c42
1788328335	24382476	5023	1b2b4b328c6e
1788309780	24371931	4964	c993b8e7277f
1788308748	24361259	4904	34ba41db9dd0
1788308521	24350728	4845	875a8813e722
1788305197	24350718	4845	38ef34745d15
1788225612	24340201	4786	1f8ecfe975d6
1788216767	24329696	4727	e1a4520fb62c
1788215990	24329610	4726	9633bdc54353
1788215371	24329397	4724	48de96ec9e97
1788215137	24328951	4722	d7a81bc8e3e3
1788213786	24318801	4665	96b2fa9ab054
1788212797	24308653	4608	af9bc43e461f
1788210902	24298311	4550	74d3b275a628
1788210639	24287975	4492	483e5d9edd85
1788209877	24277639	4434	a9777cc19c69
1788208965	24267635	4377	bdbd88dcefed
1788208691	24267635	4377	0f2627497077
1788202906	24257679	4320	34c0b6895031
1788200264	24248002	4264	ffc356b8f3d2
1788199504	24238450	4210	58d91d44db63
1788197714	24229151	4156	0f1b96fac707
1788194929	24220011	4104	5fe50782adc5
1788192666	24210932	4052	febf6b08802f
1788191982	24202246	4003	96c67d661799
1788190707	24193564	3954	516284286e9b
1788188136	24185180	3905	cfb9bc407a3b
1788187780	24185180	3905	9633f70cfb30
1788184949	24185171	3905	533f3c85391b
1788184641	24185170	3905	997d25913a20
1788105926	24177307	3858	6afd5dea7216
1788091956	24177307	3858	ebe024e04f40
1788091873	24177307	3858	af747fa6c8c7
1788091810	24180150	3881	06ec7434c8bf
1788091797	24180150	3881	3e31346eb455
1788091788	24180220	3881	19056fdcb473
1788091781	24180291	3881	b21f5d0475a1
1788091775	24180458	3881	57ae10ea01a2
1788091767	24180477	3881	54c4d5516e5c
1788091758	24180597	3881	bc292f9a3399
1788091751	24180723	3881	f83c8250cab1
1788091744	24180893	3881	9ca694400c72
1788091737	24181195	3881	59df41884d9a
1788091720	24181383	3881	8c794272aef9
1788091710	24181381	3881	6d3fb078edab
1788091699	24181377	3881	a2e93ff0a30c
1788089426	24181616	3881	784286275ba2
1788089242	24181437	3880	373186e0947a
1788087679	24181255	3879	dfb20d414c47
1788087646	24181254	3878	1ed871c58804
1788087576	24181254	3878	42132fd6d2ee
1788085883	24181172	3877	e4f9e399756c
1788085792	24181154	3878	20715485e010
1788085776	24181089	3876	6cc0416a0513
1788085393	24181081	3876	3cec2fbfa582
1788085253	24181113	3877	33e929f027c4
1788085169	24181081	3876	1886b822f25f
1788084736	24181081	3876	db6a650ef0b0
1788084700	24177952	3852	264d1f9e1be2
1788084662	24177921	3851	b6e1e6be92f7
1788084629	24177853	3851	f99967bfaf19
1788084513	24177721	3850	579af27ab673
1788060359	24177583	3849	d48f243ede69
1788060328	24177664	3850	809972d4dd4c
1788060054	24177582	3849	683a5bb791cc
1788059821	24177580	3848	b6985e6dd190
1788059779	24177386	3847	d29cbdbafb86
1788059572	24177189	3846	d126258aaff5
1788057130	24177056	3846	86bfe2c96e2b
1788056894	24177038	3845	ab0aa761a4e6
1788055465	24177038	3845	86f8eea7c2c7
1788014014	24176855	3844	c1ff1ab91e05
1788013610	24176855	3844	fc2c057f343f
1788013568	24176620	3842	a9f50776d5a6
1787982995	24175679	3840	f2f343a92ee9
1787716872	24175678	3840	c36e41a689a6
1787691758	24175678	3840	204aae6462a9
1787679052	24175679	3840	3d6efc84babb
1787677005	24175678	3840	ce1e67f32cc7
1787650885	24175677	3840	bcc84ccddc39
1787649749	24175678	3840	16bd8af5dde6
1787616122	24175677	3840	cfb32796e4a3
1787591335	24175676	3840	824a23cd0cf9
1787591196	24175676	3840	42631c64a6d5
1787591175	24175672	3840	39e5b5a269a5
1787586390	24175525	3833	7dbec7086794
1787567750	23555967	3631	bcf966f21ba7
1787567244	23555967	3631	600923d29a3a
1787566020	22939567	3440	55c822ba8fa0
1787565701	22939565	3440	c981bea5ef4d
1787562484	22939563	3440	e9dc56caea20
1787528806	22323644	3257	9e4248d0b13c
1787528650	22323644	3257	89766264ea6b
1787528452	22323136	3250	21563136875b
1787527765	22324430	3261	bf070738671e
1787527367	22324430	3261	e38794a5e371
1787526667	22324796	3261	2c9bfa3e9a2e
1787526326	22324788	3261	f9f4e47207a0
1787524500	21707745	3073	8b2432be75f2
1787524187	21707737	3073	0e4d43b0c788
1787523791	21707717	3072	91e948338115
1787520817	21082422	2893	3acd56386d0b
1787520460	21082414	2893	ce5fc57051cb
1787520258	21082414	2893	1e22f7ec638c
1787517210	20468000	2725	d598d9b6b89b
1787516828	20467994	2725	da97704ca6a6
1787516682	20467994	2725	f92b97d5d4ac
1787514882	19854882	2567	9e0c51281fc8
1787514736	19854882	2567	b99e1a155c53
1787511730	19854728	2566	eee4cf7d854b
1787510884	19854708	2566	2e4662226d4a
1787510750	19854598	2565	d6e93c866844
1787510578	19854589	2565	3a50637a6626
1787510489	19854589	2565	bafc44c74f0d
1787510225	19854547	2565	a04c64105e7c
1787509964	19854547	2565	5a9a7cd89908
1787506552	19854463	2565	55ee59df89d1
1787506209	19854463	2565	31bd68ca1e33
1787502450	19854391	2565	9f40c5f8b412
1787501986	19854390	2565	bb8243b89ab3
1787498549	19853262	2555	77085a5dc8a8
1787498371	19853262	2555	95e547ac5053
1787495535	19852077	2543	59f74e319fba
1787495321	19852077	2543	7135d8cc6b14
1787492120	19851171	2499	50a6df6c4bd5
1787490523	19242576	2418	0750c9854f23
1787486963	19241978	2411	76bacf217ef5
1787486875	19241972	2411	fbfd2c0b7f0c
1787482145	18634222	2344	b6d0b39ec510
1787480877	18633365	2341	19a22f3095ae
1787480174	18633013	2339	ff317f5cd3ae
1787477267	18632816	2339	c41cc6963db1
1787476088	18632161	2336	a355a6eccd4e
1787474097	18631513	2333	d028e26faa06
1787474023	18631513	2333	0f42ea1b5299
1787473901	18631512	2333	096f902e517d
1787473191	18631322	2332	3bcb12520fb8
1787464334	18631283	2332	d8aa08f75a3e
1787464216	18631280	2331	d3ba2a1a0fb5
1787446963	18631280	2331	5dee33902b56
1787444667	18630765	2323	829ceafe2ce4
1787442476	18030605	2318	3e9c023addbd
1787442249	18030605	2318	458ec52e17de
1787438881	18030473	2316	52164f6e39d4
1787438515	18030463	2316	9967b6a9a2fd
1787437154	18027315	2282	f3a38d7517ae
1787436745	18027137	2282	26a6c65d4d96
1787435987	18027029	2282	d88c293634e9
1787435773	18027023	2282	68af38033a4a
1787435764	18027022	2282	d9c0a9addc4f
1787435517	18026954	2281	dbd066122611
1787431527	18026786	2280	34c995fbb63b
1787431430	18026683	2280	9d3568717825
1787431296	18026681	2280	ce690b69b01e
1787431213	18026499	2280	7ee4ba5eba50
1787431137	18026497	2280	2d2e6f71bc4d
1787431036	18026389	2280	a1c3bb97ee8d
1787430362	18026362	2280	6b973929b658
1787430276	18026361	2280	88f0002b9c03
1787430167	18026359	2280	a9e0c12d0928
1787430086	18026733	2280	cdc7f6d0f4c5
1787429926	18026733	2280	49355301d366
1787429837	18025201	2280	c7ddd13b784f
1787411172	18024519	2280	89a0a2401cbb
1787411050	18024699	2280	1cfe12ce8ceb
1787410826	18024693	2280	8b7293a3e635
1787410680	17425647	2272	595371415c12
1787401180	17425288	2271	0e0fbbf16fce
1787401056	17425289	2271	0e6b1425f34d
1787400894	17425288	2271	619f9c8154ae
1787398944	17425235	2270	06669d3ee05d
1787398916	17425235	2270	1c68f1c21e3f
1787398909	17425234	2269	f6f880c77db5
1787398896	17425211	2268	c7d5f6f09883
1787398886	17425212	2269	0e8376124f87
1787398878	17425211	2268	9f7f680018ab
1787398866	17425188	2267	e4575f93dfe2
1787398839	17425186	2267	f4d0d29d2ae7
1787398800	17425150	2266	de4f359bd096
1787398788	17425140	2266	7da71b7da661
1787398777	17425139	2266	f11a920d77cd
1787398731	17425124	2266	dbc73d011282
1787398705	17425114	2266	71e73a577af0
1787398650	17424785	2265	d35e34568417
1787398596	17424563	2264	8983d2b9e833
1787398523	17424439	2263	ad6f190b43b3
1787398471	17424250	2262	f5815fc4e376
1787398389	17424126	2261	f27c993d4239
1787398041	17424005	2260	4b6581455b72
1787397915	17424005	2260	f7ed16292c60
1787397789	17423981	2260	06f29a4618fc
1787397760	17423758	2259	3e2f55377fda
1787397705	17423612	2258	e1190a654fb0
1787396174	17423208	2257	fb5cd8fbff26
1787396149	17423208	2257	4828bec7dff1
1787395713	17423206	2257	e75f8c8a5127
1787395690	17423206	2257	6f4634b7596b
1787394978	17423202	2257	852538be9b4f
1787394963	17423202	2257	db12d33aba98
1787394194	17423172	2257	a83a0644c716
1787394134	17423172	2257	a508e29feceb
1787394115	17423168	2257	3ac5baddd9b2
1787394097	17423163	2257	418347de70ca
1787394033	17423137	2256	93241519f2fc
1787394007	17423061	2255	9394a8f9e429
1787393956	17422767	2254	6741a0380760
1787393904	17422766	2254	16db2bdfb882
1787393871	17422638	2253	df6484ab4c21
1787393822	17422174	2252	a96616797e0b
1787377658	17422056	2252	f3a2cf3487b8
1787372574	17413983	2251	e65c4e7a28c3
1787371465	17413979	2251	1df6cb6cda41
1787371438	17413962	2251	2691b7dc7161
1787371426	17413915	2250	84a70890e281
1787370084	17413879	2249	389d69917117
1787370074	17413907	2249	b601475250c2
1787367452	17413957	2249	50a3f8d3de2c
1787367363	17413956	2249	cfabdbbbd215
1787367345	17413956	2249	5dd645bd4da9
1787367246	17413971	2249	9a76fdc78015
1787367232	17413972	2250	f1328157cdf1
1787366862	17413971	2249	e6271d6d2ac5
1787366829	17413971	2249	de69ffe91633
1787366801	17413971	2249	1975c00619a2
1787366780	17413916	2249	b7cec80e3494
1787366619	17413837	2248	9ffedf83b6da
1787364790	17406829	2247	a732f9d6bd39
1787364773	17406829	2247	d11340b851f1
1787364570	17406868	2247	2881e8d00b3f
1787364554	17406868	2247	36359455d88c
1787362819	17406831	2247	278a30874177
1787362801	17406831	2247	7651367cb2f3
1787362787	17406822	2246	a5288e5bd0f8
1787362003	17406819	2246	0647e3add354
1787361990	17406819	2246	651d15756b83
1787361976	17406813	2246	ccfb49301f4a
1787361917	17406812	2246	2f21848bae16
1787361876	17406764	2245	1900366ab822
1787361868	17406710	2244	25e1e9c35ff4
1787361860	17406673	2243	76e50e0b7e6d
1787361351	17406498	2242	796cd3876957
1787361333	17406498	2242	c9f969c7c219
1787361271	17406497	2242	75d02fb8c8d7
1787361238	17406459	2241	9a1b1ed18f77
1787361228	17406405	2240	d1f0ec80335d
1787361218	17406367	2239	25ee16fa872e
1787359115	17406275	2238	14dd0cb56dd9
1787359105	17406275	2238	c2f67100fa51
1787359074	17406274	2238	5068478853f9
1787358446	17406241	2237	0fd6dd458f00
1787358406	17406241	2237	9a69e403977d
1787357988	17406236	2236	6043fbf02c03
1787357980	17406236	2236	71955181004f
1787357950	17406236	2236	dc6421117f55
1787357352	17406275	2236	48ad60b3678e
1787357337	17406275	2236	475883b06e2f
1787357311	17406365	2236	d047579fd0a6
1787357282	17406364	2236	06c276804051
1785830640	17406296	2235	5d57cf49ed71
1785812608	17406289	2235	d1616318ddff
1785791092	17406290	2235	ec03184c8310
1785790779	17406291	2235	7b9b0941ab0c
1785790723	17406289	2235	a96883d66032
1785335956	17406237	2234	c0965dfdebf7
1785326569	17406238	2234	d96660dd7e2e
1785311916	17406232	2234	82fb69e92859
1785311508	17406232	2234	1c50905ba2cf
1785310989	17406232	2234	cce735b318ea
1785289757	17406396	2234	df7528658983
1785227654	17406391	2234	c3092dc5d4ce
1785227551	17406390	2234	28d590ad8dcc
1785182946	17406378	2233	5ec4a1196063
1785108757	17406377	2233	6cc0df260906
1785108659	17406376	2233	8fd15728bfa1
1785102703	17406363	2232	100c25ca7ab9
1785102504	17406363	2232	7a6ea59c7e34
1785102217	17406364	2232	49b59bf728be
1784946943	17406362	2232	1a33ae405e2d
1784906371	17406350	2232	b5d8a88dc001
1784904462	17406350	2232	b7c0d1cebfc2
1784903945	17406349	2232	ccd945b997e6
1784903469	17406347	2231	43219e46b84d
1784903359	17406334	2231	f300db7ff70f
1784902868	17406170	2230	74a823067149
1784899137	17406169	2230	d3587aa2043d
1784898699	17406168	2230	dc8a584d029f
1784898201	17405973	2230	7592b167130b
1784897899	17405933	2230	5ec73f25e671
1784897815	17405932	2230	ae800b15cc10
1784897472	17405899	2230	4af8f8a89893
1783717292	17405898	2229	70d1ab394efd
1783717128	17405897	2229	5a63635bfc5b
1783714543	17405897	2229	a86f99429f6f
1783713650	17405891	2229	af04cc92c84b
1783543196	17404946	2229	0792f67658e0
1783542701	17404966	2229	a822de40c5f4
1783526248	17404966	2229	f3a93ae5cf63
1783526219	17404954	2229	4c8c62eb42d9
1783526200	17404901	2228	5943c79ea9b1
1783513243	17404854	2227	92e99de87cd6
1783513046	17404536	2226	1b00508c042f
1783512545	17404473	2225	5f1565f54643
1783512358	17404467	2225	95408ac79544
1783512222	17404413	2225	01b97fe46df1
1783349136	17404342	2224	13ca3125aa84
1783347821	17404304	2223	9673c7a78f6a
1783295277	17404276	2223	f1fabc78a37e
1782930545	17404271	2223	88894bebe6cc
1782930461	17404271	2223	c78e3a4d1310
1782927302	17404269	2223	4d6d9c2de378
1781820854	17404264	2223	a0782f1ebce3
1781820826	17397932	2219	365690dcbf5f
1781819793	17397734	2218	1d8bdf8a2283
1781819551	17397734	2218	d306e4d886c4
1781817256	17397734	2218	d6a3fd72c559
1781812352	17397725	2218	86c677b67bdc
1781812307	17397721	2218	ccdb604efb86
1781812190	17397723	2218	2acefc3261bb
1781807941	17397723	2218	ffbcc0684c7d
1781807872	17397714	2218	dad0fd721541
1781804135	17397025	2214	fd52154c099c
1781804049	17397025	2214	af1fd0ad66b9
1781804002	17397021	2214	d604322464ea
1781799458	17397021	2214	320893c4702b
1781798150	17397012	2214	0eaaa02b2e29
1781792533	17396323	2210	2d685f2ab05b
1781792129	17396323	2210	aea829f0b119
1781786240	17396323	2210	5625eceec0a1
1781781213	17396314	2210	db7e8777db42
1781780414	17396314	2210	73bc13be0ce6
1781780277	17476062	2210	8d30d577aa5a
1781780042	17476062	2210	17b3a3144842
1781779993	17476058	2210	cee0a7b4bf5e
1781779816	17384588	2210	ee6003792bf5
1781779218	17383899	2206	542000c83bba
1781778396	17383899	2206	264e0a455609
1781777287	17383897	2206	49af79cd163b
1781776360	17383843	2206	45173317d6c0
1781774495	17383841	2206	03b3cb85ab7c
1781773825	17383832	2206	6ce30b20b490
1781766171	17383736	2206	fc8782148263
1781764326	17383736	2206	1a192c776e32
1781764290	17383732	2206	eeb8ed55a5a4
1781759289	17383731	2206	215aec894e7d
1781759183	17383042	2202	4aec1be8c313
1781758536	17383028	2202	470bd38e3506
1781748383	17383019	2202	5ba40651c46b
1781747091	17383019	2202	d4b3ab1842e5
1781747048	17383015	2202	017731e150b2
1781740691	17383016	2202	4bd0ae8f0053
1781740449	17383007	2202	2de4a9923dd0
1781740341	17382318	2198	ae5f336f820a
1781737969	17382318	2198	4edfd0078795
1781737932	17382314	2198	fe740cfdf5b8
1781735052	17382313	2198	322057f7ebb9
1781734709	17382304	2198	397066b426a5
1781734582	17382303	2198	46932f8cddbf
1781732924	17381614	2194	e68a619411e6
1781728222	17381614	2194	f4816d05aa89
1781727984	17381605	2194	367c02c316f7
1781725876	17381605	2194	c9301bc148aa
1781725826	17381601	2194	f848e0d39a58
1781721428	17381600	2194	2808a7c5acf5
1781719614	17380911	2190	df48b6df1bbb
1781719391	17380902	2190	e9bcb04a1061
1781717919	17380902	2190	8f6635c50317
1781717881	17380898	2190	67e29c8fc220
1781712502	17380898	2190	24eae5be8f7a
1781711282	17380209	2186	933457c7380c
1781710352	17380200	2186	b603e87f368d
1781707122	17380200	2186	c031cbeee8c6
1781697608	17380199	2186	e61f0be5d97f
1781697298	17380198	2186	0fb9cf6eace5
1781695792	17380189	2186	c9e828cada71
1781695449	17380189	2186	e008d6f514a1
1781695391	17459935	2186	74ec7ecb14e0
1781695343	17459931	2186	e7397332aa44
1781695180	17368479	2186	275eb396130d
1781694836	17367790	2182	6a598d4fc152
1781694532	17367776	2182	20c4b37e0bef
1781691719	17367776	2182	829c355374b3
1781688409	17367759	2182	aabd23962615
1781681129	17367663	2182	c62a01fd2ac1
1781679306	17367663	2182	1ca98b78aaf0
1781679217	17367654	2182	eb8f45483e46
1781679178	17367650	2182	a316512a447b
1781673601	17367650	2182	5ed24cbb3731
1781673572	17366961	2178	cbc8391a5e36
1781662121	17366947	2178	0bef5572ea49
1781660734	17366947	2178	d2ecf8f42de3
1781660652	17366938	2178	239238fc9116
1781660613	17366934	2178	c9644a6d53a6
1781653969	17366934	2178	43e2b5cc3d3c
1781653836	17366934	2178	8f52968ca0a2
1781651851	17366245	2174	415ee398435a
1781651643	17366236	2174	653429b8410b
1781648710	17366236	2174	dc4b5f7305dd
1781646534	17366237	2174	091dc296af40
1781646423	17366228	2174	ce62bb5668bc
1781646385	17366224	2174	2dff3c87eb34
1781644955	17366224	2174	869dcc9e4106
1781641349	17365535	2170	985855a4ab91
1781636825	17365535	2170	e997e184c33d
1781636744	17365526	2170	eb604938560c
1781636690	17365522	2170	087cf25123c1
1781630733	17365522	2170	61626f7d1bcc
1781630696	17365523	2170	b1024673bd51
1781623957	17364834	2166	c03a0fd61e83
1781623893	17364825	2166	1f8d64c44bbc
1781612418	17364825	2166	2d2518a85b04
1781610955	17364825	2166	7c1e7a274400
1781610122	17444571	2166	2356b2aaea6b
1781610075	17444567	2166	4ddd03b1c383
1781609894	17341409	2166	3be1cabe4dd2
1781609040	17340720	2162	d5f959e917f9
1781608838	17340720	2162	ee77a97abee8
1781606035	17340718	2162	32b1345998b4
1781605971	17340709	2162	4cba68ee5aee
1781605829	17340727	2162	3e89b1d96e83
1781605788	17340723	2162	755601a74577
1781604193	17340722	2162	f6c905c1d73f
1781593663	17340626	2162	32dbcd512fab
1781588397	17340626	2162	2072d44b2d41
1781588294	17340617	2162	096bdd3e003c
1781588238	17339928	2158	d656e7ded7c1
1781588172	17339901	2158	e7555c705746
1781574395	17339902	2158	470a088d1ba3
1781570473	17339902	2158	1e327a99408a
1781570440	17339901	2158	dec788b19236
1781569406	17339649	2157	c2741b1d0bcd
1781568911	17339593	2157	8bb0dd7cd094
1781568830	17339584	2157	c20294dade8e
1781568788	17339580	2157	8f82070fc358
1781565166	17339580	2157	b976b3955da0
1781562679	17339581	2157	5d694bd981de
1781562537	17338892	2153	01f79b41ab75
1781562448	17338883	2153	a7485161648d
1781558412	17338884	2153	4b57649bfb3e
1781557025	17338884	2153	f46987bd73c2
1781556980	17338882	2153	fb7f934acd00
1781553971	17338708	2151	b90d1cd08cf6
1781553956	17338699	2151	8e0f337eb231
1781553341	17338701	2151	84ba10b0166b
1781553314	17338696	2151	be1cd18cf585
1781553300	17338604	2150	ef2f7a0f97b4
1781549308	17337999	2149	d339e8ca3463
1781547123	17337310	2145	b9d22afdce9b
1781541100	17337312	2145	8411ee8e7f4e
1781541063	17337303	2145	3036be4cf0e7
1781530465	17337305	2145	1e3ca4d9ed6f
1781529691	17337306	2145	4847b60b5acb
1781528000	17337301	2145	8d77f80b4a8f
1781527733	17337649	2145	7ec105fe91c5
1781527696	17337639	2145	2d1d113fc554
1781527565	17337639	2145	e5aa56a4891a
1781527560	17336950	2141	7856ee6f25ad
1781526881	17256081	2137	3a3b1b009d57
1781526665	17256080	2137	fcf32c01d243
1781523841	17256080	2137	bda14f35030f
1781523247	17256084	2137	1669dded701b
1781523209	17256080	2137	f7202c5c79bb
1781523151	17256081	2137	8821debc5fe5
1781520711	17256072	2137	63ab7ee3e677
1781508900	17255976	2137	8630f262cdb7
1781501494	17255976	2137	23745b2896f1
1781501416	17255287	2133	3a0a7f5a32f7
1781501201	17255287	2133	5352687260d0
1781489345	17255278	2133	03ab9492e28a
1781482474	17255266	2133	c73bae297bc6
1781482440	17255262	2133	f89acaa39681
1781481882	17255250	2133	4b8e596998ed
1781481207	17255241	2133	62ccd3274a96
1781480375	17255241	2133	ed5d63b95b1e
1781479999	17254552	2129	4d23778caf45
1781479977	17254551	2129	73dada9e2297
1781479962	17254413	2128	ef26d9f226e6
1781477795	17254108	2127	db04f6886361
1781477443	17254108	2127	a865ad7ff03b
1781477279	17254099	2127	f9434aaf1e18
1781473862	17254100	2127	a06a3be1e8e8
1781473825	17254096	2127	88b393d7b7b2
1781473450	17254096	2127	86e566803258
1781473090	17253407	2123	506f65085fe5
1781472995	17253408	2123	1c406ba45cee
1781468686	17253399	2123	512c9a0eff66
1781468649	17253395	2123	3c720a16284b
1781467957	17253395	2123	dc4a4988388c
1781467338	17253395	2123	a936979465cf
1781467278	17253386	2123	d260b93c8528
1781463698	17252697	2119	c6c5630f42e3
1781463654	17252693	2119	22b512378839
1781463251	17252692	2119	2e8a255439a0
1781461031	17252692	2119	87fd9709555f
1781459547	17252683	2119	5cf1ac9fadb8
1781459091	17251994	2115	23fc7034f27f
1781458810	17251994	2115	10f4108daf19
1781456083	17251994	2115	a368554c43a9
1781455098	17251985	2115	82de3bbe110f
1781455061	17251982	2115	e58bd5c635c8
1781453270	17251694	2112	eb216812aebe
1781453230	17251690	2112	6c3555f9d630
1781453157	17251690	2112	c36c8ff6f209
1781452791	17251690	2112	20215e07a9cc
1781450497	17251001	2108	f137de6e5e4f
1781447405	17250992	2108	6b63e17895c5
1781447232	17250992	2108	5811f5f23304
1781444200	17250992	2108	eae73b00da8e
1781444173	17250987	2108	55083d76c8fd
1781444156	17250916	2107	d43ddc4db13d
1781442799	17250632	2106	67e387d41ad1
1781439480	17250623	2106	5cf2959363a1
1781439383	17249934	2102	23ce70d6e0e6
1781438898	17249934	2102	4594229ab6cb
1781436105	17249934	2102	0d7f323a9b0c
1781432188	17249925	2102	fbb588f2e7c3
1781431611	17249924	2102	08021db1c987
1781431419	17329322	2102	4aa5cce6e616
1781431311	17238074	2102	93b1854ca9a6
1781431275	17238070	2102	1d412d49cd94
1781431105	17238070	2102	bfd4efec7bf1
1781430741	17237381	2098	ced13d9dc15e
1781430698	17237376	2098	5ec40cd93842
1781430444	17237390	2098	c5750421ab29
1781427694	17237390	2098	6a40e49278d9
1781426912	17237419	2098	f2ee0f52b37c
1781426315	17237410	2098	fc2c16496f78
1781420509	17237314	2098	301bee76d1c6
1781420485	17237308	2097	f3c9b2f5acab
1781420310	17237305	2096	308b9abee7b9
1781419741	17237304	2095	4f85144f37ba
1781419064	17237304	2095	f9217d07827f
1781419013	17237314	2096	264e52d36d18
1781418912	17237175	2095	7e3984ee8a8b
1781418074	17237165	2094	6dd19390ea00
1781417858	17237166	2094	16047430db80
1781417823	17237163	2094	ec121bc50ac7
1781417623	17237158	2093	7ffc985bc62b
1781417438	17237157	2092	b96a6d5896cc
1781416771	17237156	2091	8ead38e310ba
1781416734	17237152	2091	56f5096c5797
1781413912	17237152	2091	971f2d33f462
1781413895	17236463	2087	31784cad08e1
1781413442	17236449	2087	810146e9f8e4
1781402551	17236440	2087	337f447becbb
1781401250	17236440	2087	7b1641a094c6
1781395993	17236440	2087	9096bc5f89f3
1781395951	17236439	2087	c7a7a3b0a17b
1781395808	17226851	2086	d071d3bac5cd
1781395771	17226849	2086	fdbdff52b349
1781395490	17226472	2084	d0dacb161e80
1781395485	17226467	2084	6680655757c2
1781395455	17226371	2083	e6feed9f1e50
1781395400	17225943	2082	465f7f9e2b80
1781394394	17225934	2082	3ce2e4fe2412
1781393730	17225934	2082	78da23f245f5
1781393170	17225245	2078	6a648a90414a
1781392870	17225236	2078	052eb215774b
1781392588	17225235	2078	aad6498f40ef
1781392269	17225209	2078	1a08d999cc7c
1781392234	17225207	2078	2d0cc5d06e39
1781391345	17225144	2076	18fa795e51c4
1781391087	17225175	2076	01509045cee7
1781390931	17225166	2076	32b5c17167f7
1781390898	17225164	2076	dddd8e713277
1781390602	17225089	2074	a9af8b9810c2
1781388665	17225089	2074	28a855f91726
1781388627	17225088	2074	075e9c61f4ce
1781388540	17224006	2073	30a6ce5ce9ef
1781388136	17224006	2073	9f1efff6186b
1781388100	17224000	2073	e947da39c5ef
1781387267	17223871	2071	ac2dcef1ce26
1781386840	17223862	2071	ad6bd70e4da8
1781386775	17223173	2067	7a91e8fb0bd0
1781386768	17223173	2067	ea4612062b59
1781386170	17223178	2067	e0fbe293b636
1781386146	17223177	2067	e96376914c1f
1781386134	17223085	2066	fefa21f3e439
1781385244	17222913	2065	8c83f5175d5f
1781385218	17222912	2065	eb6c1697b652
1781385207	17222816	2064	f22d752102c6
1781384242	17222561	2063	c4c862c560bb
1781384179	17222561	2063	fc7386dc9851
1781383809	17222533	2063	30feaa721f29
1781383769	17222531	2063	eddafde67975
1781382964	17222470	2061	7d415ae3fa80
1781382941	17222469	2061	104bc01a1991
1781382927	17222377	2060	991eb0c003c4
1781382508	17222195	2059	953712862c40
1781382497	17222194	2059	e9bf4b202f9f
1781382469	17222193	2059	817a29b17985
1781382296	17222053	2058	48d873e0e160
1781381997	17222044	2058	9bd176e316a1
1781381852	17222058	2058	e1dc4ed2d9be
1781381694	17222056	2058	51e9c6eb0880
1781381659	17222054	2058	0b5b5192c4a9
1781381074	17221983	2056	6b30bdf4f01d
1781381046	17221982	2056	77a3f70fe681
1781381033	17221889	2055	ec426910878e
1781380816	17221704	2054	0f1bd1167433
1781380787	17221699	2054	15071fc439e1
1781380775	17221606	2053	f4002dd21ebd
1781380592	17221431	2052	7b8eeedcb2fc
1781380219	17220742	2048	e9f53fdc36b5
1781380179	17220740	2048	60a1d7de6346
1781380176	17220737	2047	f5f865a1eb22
1781380174	17220703	2047	47695cc7b720
1781380106	17220623	2046	119b227163b6
1781380056	17220622	2046	4fc518b79baa
1781380015	17220599	2046	a975d47c55ee
1781379623	17201165	2024	1888767448fc
1781379579	17201163	2024	2e1b35e6eaab
1781378704	17200317	2022	a409cc0ad840
1781378516	17199842	2022	7f5c105b12b2
1781378483	17199841	2022	7a2e82ad86af
1781378202	17200213	2022	b17b29c9adfd
1781377711	17200226	2022	a62e7f5d0291
1781377694	17200228	2023	8760a8273c62
1781377572	17200226	2022	ee7023a7714c
1781377358	17200235	2022	e0cc7a381f7e
1781377231	17200234	2021	539be7155bb9
1781376976	17200234	2021	86f130b54872
1781376399	17199828	2021	7fc77ba7bec2
1781376237	17199820	2021	551ee029a503
1781376226	17199818	2021	ab2209b66605
1781376196	17199712	2020	adc56c7b9372
1781376103	17199470	2019	7cbfdc3759cd
1781375575	17199377	2018	ea5e80c2b7d4
1781375535	17199251	2017	44407decd3bb
1781373639	17198979	2016	2ac50cf7b5ab
1781373597	17198975	2016	b62f9f37aa6d
1781373008	17198975	2016	374ab71451b8
1781372920	17198975	2016	a59a36259c09
1781372602	17198286	2012	bb13c5d6c182
1781369163	17198277	2012	081695619dd8
1781367910	17198277	2012	4ab885f70c1c
1781366607	17198276	2012	a216c997a3cf
1781363435	17198267	2012	49c4505f6dc8
1781363393	17198263	2012	01fe297f79c5
1781363094	17198262	2012	efa6aa6e5928
1781361197	17198262	2012	3ce3b3371b47
1781361047	17198253	2012	1c9ad1dac24a
1781356225	17197564	2008	6c4d6560d4c9
1781356183	17197560	2008	bbee59603575
1781355765	17197560	2008	c6fa47692094
1781352942	17197559	2008	54442eb02548
1781352288	17197550	2008	9722d21ac176
1781350259	17196861	2004	7d5d547e539a
1781350120	17196860	2004	57aeaba762c2
1781347072	17196860	2004	649b3036b2df
1781343921	17196851	2004	6f58099d2db8
1781343850	17276168	2004	68504930041f
1781343800	17276162	2004	dc2a2d684a83
1781343556	17103648	2002	7999eaa2295c
1781343327	17102959	1998	7eadc887749b
1781343093	17102959	1998	b55aa75660c1
1781343023	17102974	1998	1be1425030cc
1781342766	17102974	1998	afda07b50013
1781340060	17102974	1998	85b0bd10a678
1781338683	17102997	1998	949327258b81
1781337981	17102901	1998	051a70476f99
1781337970	17102900	1998	41ada4ed3f61
1781337943	17102811	1997	e105a6542286
1781337873	17102639	1996	fd103f5ed168
1781337869	17102545	1995	1e36e54dc500
1781337835	17102544	1995	11424f9a9d17
1781337812	17102123	1994	a0d51622243c
1781337754	17102114	1994	7fedc17ecd84
1781337723	17102113	1994	32c2cdc308e6
1781337716	17102092	1993	77c6272f4d0d
1781337684	17101939	1992	a776d12ff2cc
1781337670	17101938	1992	8fc335964f98
1781337649	17101871	1991	297d03abd5dc
1781337589	17101558	1990	11aa252c5245
1781337554	17101556	1990	c56af7968f8f
1781335989	17101449	1989	ac11d58d58e9
1781335954	17101368	1988	2d5afc1d3b80
1781331200	17101240	1987	a148d56f6340
1781331155	17101236	1987	d8a95b6ac0e2
1781330675	17101236	1987	d44c2dfdb9f0
1781326515	17101236	1987	7b735c74e810
1781326479	17100547	1983	c8990ea1e3b5
1781324817	17100533	1983	d8bddc578627
1781315626	17100524	1983	096f7f9414db
1781315606	17100524	1983	f4c8d0208b37
1781309990	17100524	1983	376f0d7de60e
1781309099	17100496	1983	abb6eaa1b1a0
1781309042	17100486	1983	bf3e77264263
1781308540	16252356	1978	f813c503f53e
1781308535	16252347	1978	04440eb25201
1781307934	16251658	1974	1928d97e9bf4
1781307755	16251658	1974	31a268ca1375
1781302354	16251658	1974	d8bb7c9dd755
1781302220	16251649	1974	cfbcbfd720f0
1781301810	16251648	1974	c638eb596ba7
1781301769	16251644	1974	45e55bb44ad6
1781301745	16251644	1974	b83e0810dd07
1781296454	16250955	1970	90a64547e8f1
1781296274	16250955	1970	00fd6e613f97
1781295619	16250946	1970	2f85a9a85003
1781295582	16250942	1970	293e97e5d936
1781288890	16250943	1970	1d6d79c3c2e4
1781288471	16250943	1970	9d6de23b92ab
1781288193	16250254	1966	44df2f292c8a
1781287074	16250245	1966	eb0cbcf50657
1781282322	16250244	1966	2f775e155b08
1781279904	16250244	1966	2bf25fdcc1ff
1781279538	16250235	1966	1bbc5c50f227
1781279499	16250231	1966	50c5276802ee
1781279031	16250231	1966	75b7ddc37dbe
1781272572	16249542	1962	cc9ddca2349b
1781268836	16249542	1962	7b767d9eb37f
1781268814	16249450	1961	85a6f52d3825
1781268777	16249449	1961	7b0fc127d93b
1781267999	16249098	1960	28fc34dec810
1781267644	16249089	1960	0dbd103840d5
1781261680	16249090	1960	3c419707e5c2
1781261524	16249089	1960	c21da62eb398
1781261333	16328395	1960	fdbe53223dc4
1781261289	16328390	1960	9e277240f585
1781260925	16314973	1959	7c9afa86762f
1781259845	16314284	1955	1304f420299d
1781259668	16314284	1955	8173d2f81484
1781258182	16314282	1955	3d33f02067ae
1781257304	16314251	1955	77df0de7ac0e
1781255855	16314249	1955	72449bf04e6a
1781255621	16314240	1955	6c9b365a5f3c
1781254483	16314240	1955	43e7d9da9065
1781247029	16314144	1955	c7d130f40ee1
1781241294	16314144	1955	fbc408c7e96c
1781241107	16314135	1955	cea156559a8d
1781241071	16314131	1955	86e890142f35
1781240966	16314131	1955	396c5321ca41
1781240931	16313442	1951	55c3a9086a62
1781229746	16313428	1951	b03ec3f2cc6b
1781223809	16313428	1951	7a82dfdce407
1781223594	16313419	1951	073c28add003
1781222958	16313419	1951	824d835fbb63
1781222880	16313402	1951	f8570d971e21
1781222208	14126986	1939	8975e9126f65
1781221937	14126297	1935	c700618356dc
1781218609	14126297	1935	a63de9678c53
1781218541	14126288	1935	3d42f0553a8b
1781215828	14126288	1935	a7f864c2c3bb
1781211948	14126289	1935	1679bed901c1
1781211905	14126285	1935	c1dbcd070847
1781211802	14126285	1935	a082e693bd42
1781210346	14126276	1935	808e033b5412
1781208421	14125587	1931	56e0f05ee410
1781202644	14125587	1931	b912621cf221
1781202354	14125586	1931	3c1d9ea4cc5a
1781200530	14125577	1931	5a0d4ad20d3c
1781196489	14125577	1931	522135081c5b
1781196228	14125573	1931	41e7489456ea
1781196189	14125567	1931	0039596f6b45
1781195518	14125532	1929	f9c886cf4790
1781195404	14124843	1925	88f307c75cb2
1781195380	14124752	1924	563483a587fe
1781195341	14124751	1924	8edbd890801e
1781191437	14124695	1923	a2556ac9a5f7
1781191396	14124694	1923	bd57b602fef9
1781189913	14124694	1923	7877cd02144a
1781188923	14124685	1923	04e55c87d072
1781188754	14124685	1923	704f36564b3e
1781178300	14124685	1922	e5fd4ee76a81
1781176499	14124684	1922	6e392f24118d
1781176359	14203975	1922	07ac64247612
1781176167	14203966	1922	01849c14f245
1781176121	14203961	1922	c2edf12fe4e9
1781175693	14157759	1921	5fc9f2434a51
1781175637	14157759	1921	2e6f0d3a2f6c
1781175207	14157070	1917	82d7ddb820b7
1781174937	14157055	1917	229f5b479295
1781171885	14157055	1917	cfa61ef70ad5
1781168935	14157040	1917	f8b494d16ded
1781166458	14156944	1917	4292d4f98165
1781165667	14156938	1917	c7b5bb29322c
1781165636	14156936	1917	a42ef64bbfa8
1781165059	14156900	1915	7803a8051b7a
1781164926	14156808	1914	b0e78c66b867
1781164888	14156807	1914	24ef9b0e70f1
1781164695	14156722	1913	720c603e2acc
1781164485	14156722	1913	52952b177153
1781164450	14156720	1913	3c8b2cf0f979
1781164272	14156676	1911	e2da8d9dbc74
1781164267	14156675	1911	caeff414f7b5
1781164232	14156585	1910	d89c12b41adf
1781162683	14156450	1909	d148d1a7ee26
1781162645	14156448	1909	3aec2a06c617
1781162535	14156432	1907	0eaa6e925730
1781161705	14156432	1907	ef39b6970246
1781161364	14155754	1907	b279d42c34a3
1781161240	14155754	1907	1e82c81a36fa
1781161203	14155748	1907	86425aea5a5e
1781159127	14155629	1905	9539f4d3cce6
1781158914	14155620	1905	f4f71deb6565
1781158901	14155517	1904	ad9328ad26da
1781154104	14155518	1904	bbdc8523e34b
1781154073	14154829	1900	41bef1e906c6
1781143546	14154815	1900	78606ff72712
1781141817	14154815	1900	c13589a8f003
1781141731	14154815	1900	301dd8a1707b
1781139706	14154806	1900	999fc730492b
1781139671	14154805	1900	bad6f9815645
1781136534	14154659	1899	599d02ed1565
1781136464	14154645	1899	8abf9664f4c5
1781135929	12057623	1886	37ae61ad185e
1781135885	12057623	1886	522193d546d6
1781135835	12057623	1886	65dd73156c9d
1781135404	12057550	1886	9cca7c07a450
1781135207	12057546	1886	91f8a4e0c961
1781135050	12057541	1886	d4c7e30ffcff
1781135018	12057542	1886	3c42ef3919f0
1781134989	12057540	1886	8eab4679ba76
1781134905	12057539	1885	2a583a15ee4a
1781134820	12057545	1886	bc85816d5ddc
1781133039	12057539	1885	f0f539e0b900
1781132757	12057539	1885	2a9d2efbc20f
1781132482	12057559	1885	24fb81f7e519
1781132382	12057550	1885	f8d748b03776
1781132053	12057535	1885	caa93dc84189
1781131615	12057535	1885	bbf7d4988e8e
1781131582	12057533	1885	df535f8987eb
1781130854	12057290	1884	473437c7802c
1781130816	12057278	1884	d3ae616905e0
1781130412	12056335	1876	2ea2ed081a05
1781130111	12056333	1876	df1ccc5c7927
1781129446	12055644	1872	0a508554de02
1781129414	12055642	1872	f523e87954ae
1781128961	12055357	1870	0c5d71bf8dd6
1781128898	12055319	1870	65c2a057ec82
1781128798	12055319	1870	c9171ce0b0bd
1781128791	12055318	1870	1443d1744c44
1781128768	12055229	1869	71f116f942cf
1781127544	12055035	1868	dfa8c86bb8bf
1781127197	12055077	1868	325275300e55
1781127191	12055076	1868	ed2b5dee41d1
1781126389	12055056	1868	53aac11ba661
1781126360	12055050	1868	11e8b0e129f9
1781126273	12054593	1862	8469ac3bfad3
1781125459	12054584	1862	a3299d32a402
1781125425	12054582	1862	b7f361eac9c5
1781125303	12054389	1860	c35241d60985
1781124147	12054372	1860	b90caf13c45e
1781124110	12054371	1860	3a62a113f545
1781124090	12054294	1859	5295bf8edbaa
1781123868	12053679	1858	c4331196b050
1781123681	12053618	1858	a33f2840db5e
1781123646	12053616	1858	c598d89cdb86
1781121321	12053435	1856	a5c688c815ca
1781119580	12053435	1856	e264be721c6a
1781117824	12053436	1856	f4227c75f1f5
1781117792	12053362	1855	f6b1da24ed49
1781117757	12053357	1855	82384e95827d
1781117086	12053135	1854	dd2432a55e8b
1781116955	12052446	1850	9fd50c1f74d8
1781116405	12052437	1850	d3e4d8422ce0
1781115572	12052437	1850	f4a43d858802
1781115540	12052435	1850	06e92c8cf125
1781113746	12052238	1848	7cb517fa3eb4
1781113541	12052161	1847	3b70f987957d
1781113503	12052160	1847	5f2893a17d51
1781112559	12052025	1846	025241460d78
1781110316	12052025	1846	c6d77c00d6fd
1781109106	12052026	1846	53b75c58cf7a
1781109063	12052022	1846	c11a10fbf1e1
1781107898	12052005	1846	1f0f856f7555
1781107721	12051316	1842	907160285083
1781107720	12051314	1842	4745ead9cd67
1781107684	12051305	1842	c3771535eb90
1781107224	12051076	1840	db4b0feb6a72
1781107167	12050997	1839	87622a1098eb
1781107128	12050995	1839	1a6cc00f512d
1781107002	12050774	1838	03ee8ab46738
1781105103	12050726	1837	d4b5242d2240
1781104815	12050713	1837	750e044e6fa7
1781102601	12050693	1837	bfc5f8cf28b7
1781101526	12050715	1837	cee75d0d3ca9
1781100022	12050716	1837	cb6fcfe1cb57
1781099673	12050716	1837	ce5ccc896c68
1781099523	12050719	1837	dfe8225b4e27
1781093198	12050719	1837	22695d30b476
1781090334	12050710	1837	96334e4089e4
1781090257	12050677	1837	24d5236537dd
1781089896	12050674	1837	fe30d7b064af
1781089860	12050672	1837	a90d77fb58dc
1781088535	12050671	1837	a469fa7e028d
1781088256	12050617	1835	d06e523aa4c6
1781088064	12129775	1835	2a256973155b
1781088024	12129774	1835	1d32c435179e
1781087898	12051176	1834	8de14b914b57
1781087888	12051104	1833	be6c0da3d863
1781087855	12051100	1833	b8bffa2ecfbd
1781087783	12051101	1833	d218f21efce1
1781086833	12050412	1829	762f422afe4c
1781086760	12050412	1829	d554890e39c7
1781086478	12050398	1829	b6cd19a33e60
1781084356	12050398	1829	7728c395898f
1781084316	12050397	1829	8da0a753d346
1781084213	12050323	1828	f5ba30937264
1781084177	12050322	1828	34a8c1655df7
1781084144	12050309	1827	131ebc8cba7a
1781084114	12050306	1827	4c3e30faab65
1781082761	12050290	1826	cd2205bd6c57
1781081075	12050276	1826	ad8b36f450cf
1781081037	12050180	1826	fd47fdd6ae73
1781079447	12050171	1826	672873ba0692
1781079233	12046653	1824	593f696174cf
1781075043	12046565	1823	56ad82ac87e5
1781075011	12046564	1823	35e0e01fc306
1781073792	12046229	1822	59ba6bcf40c6
1781073764	12046228	1822	2939e3907f7f
1781072401	12046123	1821	e74e6dcb5979
1781071920	12046123	1821	49cc56c82309
1781071888	12046119	1821	c2375613ff3e
1781071732	12046119	1821	60ceb68b6f0e
1781067143	12046119	1821	88673caf1dee
1781067109	12045430	1817	3b73912dbfe1
1781066982	12045416	1817	db7189e58db7
1781056427	12045407	1817	99378791d520
1781056285	12045407	1817	4fa646b9c06f
1781052791	12045407	1817	c9f0a8ac1e88
1781052764	12045407	1817	a5847554a652
1781052741	12045407	1817	b49d3ed754d9
1781052714	12045407	1817	21be12dffa80
1781052691	12045407	1817	f4ad23568fa0
1781052665	12045407	1817	362d61031bcc
1781052639	12045407	1817	da807db57239
1781052615	12045407	1817	86898aa43d87
1781052592	12045407	1817	12e4730a99f4
1781052567	12045407	1817	d118d0257c9e
1781052542	12045407	1817	aed412d9648c
1781052516	12045407	1817	c1fe451be06b
1781052490	12045407	1817	7beffa31bff8
1781052466	12045407	1817	b6969def60b5
1781052442	12045407	1817	f66c5f31eedf
1781052417	12045407	1817	21f917f3430d
1781052392	12045407	1817	a567519d8420
1781052367	12045407	1817	6c2930fbeacd
1781052343	12045407	1817	654e74bcf26a
1781052319	12045407	1817	6dfb9725355b
1781052292	12045407	1817	a29b6bbe8518
1781052267	12045407	1817	12164e5d1c38
1781052242	12045407	1817	ad6f22ff5de9
1781052218	12045407	1817	4f69d4e867c1
1781052192	12045407	1817	9bf14b319179
1781052167	12045407	1817	3c44f7743b91
1781052143	12045407	1817	a8d41289d285
1781052122	12045407	1817	b70dc61d71da
1781052097	12045407	1817	582132dedbb5
1781052069	12045407	1817	194e25032b3f
1781052047	12045407	1817	89679288e468
1781052022	12045407	1817	0516397c88a9
1781051997	12045407	1817	7d784eddec1e
1781051973	12045407	1817	1330b97ac326
1781051949	12045407	1817	283881cc6664
1781051919	12045407	1817	4ba0503e8859
1781051897	12045407	1817	3960d403436b
1781051874	12045407	1817	6f26a1f1a9db
1781051851	12045407	1817	70ffec2f18b5
1781051828	12045407	1817	2975b4cc4301
1781051803	12045407	1817	58b27286027e
1781051780	12045407	1817	b720d94e1937
1781051757	12045407	1817	e816f36b0302
1781051733	12045407	1817	5e5c9af33d0e
1781051709	12045407	1817	82769b72abc5
1781051683	12045407	1817	30c2567cc89d
1781051658	12045407	1817	37d22b139c38
1781051634	12045407	1817	521997225538
1781051612	12045407	1817	d755624b1451
1781051589	12045407	1817	cef206332da7
1781051563	12045407	1817	0939f0dcb7ef
1781051539	12045407	1817	4ddc2eedf378
1781051519	12045407	1817	db482fb33658
1781051514	12045404	1817	33ba47345c14
1781051489	12045404	1817	f6e81f1208d9
1781051464	12045404	1817	8e0629130b14
1781051439	12045404	1817	724534940bad
1781051414	12045404	1817	e6d43c435eef
1781051388	12045404	1817	b99a94718db1
1781051365	12045404	1817	321934344a57
1781051339	12045404	1817	8c63bf109609
1781051316	12045404	1817	8d0b9fde4e7f
1781051292	12045404	1817	7d838160ebf9
1781051263	12045404	1817	b6d2cfab2d7a
1781051238	12045404	1817	615fdf71edc5
1781051215	12045404	1817	ee55a9eab82b
1781051194	12045404	1817	d475b543cf31
1781051169	12045404	1817	08ac7f86cf51
1781051144	12045404	1817	ee7990784d41
1781051120	12045404	1817	4a73e1321ce1
1781051095	12045404	1817	a15a70e8cd9e
1781051072	12045404	1817	fcf04222de40
1781051049	12045404	1817	2b25f56309f0
1781051026	12045404	1817	d890d50798a3
1781051003	12045404	1817	4cc9246b3a99
1781050978	12045404	1817	399038c41254
1781050953	12045404	1817	4ed49c97aac2
1781050928	12045404	1817	569b5b96571e
1781050903	12045404	1817	2fe39df1130c
1781050881	12045404	1817	cbe13142b66f
1781050856	12045404	1817	4805935b10de
1781050830	12045404	1817	9d899790236c
1781050807	12045404	1817	f8ac9cf7beba
1781050780	12045404	1817	59b5a84fe1b1
1781050756	12045404	1817	cdd92bc2a64d
1781050733	12045404	1817	46c723042f46
1781050708	12045404	1817	355cbdec1629
1781050683	12045404	1817	43060e79076d
1781050660	12045404	1817	a77d369ea294
1781050636	12045404	1817	479cf609875d
1781050616	12045404	1817	45da5dd15d1b
1781050592	12045404	1817	19b75353a25e
1781050559	12045404	1817	2bdbc778a10d
1781050536	12045404	1817	f38f33282142
1781050512	12045404	1817	c0852dd2fd09
1781050486	12045404	1817	e4c3fc4a629f
1781050460	12045404	1817	2e9eba4b3088
1781050435	12045404	1817	a3d7c88a385c
1781050411	12045404	1817	d8679e8ebf06
1781050384	12045404	1817	4bd3058b3276
1781050358	12045404	1817	cf25f4666502
1781050335	12045404	1817	437d330a345d
1781050310	12045404	1817	1f755b3b72e3
1781050285	12045404	1817	befd50abde45
1781050260	12045404	1817	cccf40631713
1781050236	12045404	1817	ff8fce0a6863
1781050214	12045404	1817	252f4f555085
1781050189	12045404	1817	7e00b3935f33
1781050162	12045404	1817	d01d62c90cd6
1781050137	12045404	1817	8a05fc97afe8
1781050117	12045404	1817	04fd3a6c050e
1781050110	12045395	1817	7329eec14681
1781050085	12045395	1817	c6e7b8b249d0
1781050060	12045395	1817	20df08e5325e
1781050035	12045395	1817	e95deff9c249
1781050009	12045395	1817	b3dff3e7831f
1781049986	12045395	1817	964867efdac9
1781049962	12045395	1817	61627b8e11c6
1781049937	12045395	1817	f301b581f052
1781049912	12045395	1817	235709ea65cf
1781049887	12045395	1817	90d3ad6423c3
1781049863	12045395	1817	6ec600d409e7
1781049840	12045395	1817	26ad63555f06
1781049816	12045395	1817	e24bc68f2880
1781049790	12045395	1817	85869f98ced1
1781049764	12045395	1817	782ccb2becc5
1781049740	12045395	1817	baa9b7d8eecf
1781049569	12045350	1814	43abab9b22fc
1781049505	12045332	1814	be3646f90050
1781049123	10123172	1801	314c2adfb1bd
1781048727	10123077	1800	3bc064385fa4
1781048543	10122388	1796	83dab0e7db03
1781048431	10122388	1796	be102eeb91f4
1781047556	10122388	1796	3ccd7ac167a9
1781047341	10122286	1795	6db2a5ecfda0
1781047312	10122283	1795	f5fc70578564
1781046657	10122164	1794	d4550aca94f6
1781045618	10122164	1794	30e6f8804a97
1781045531	10122126	1792	5828660cda86
1781045500	10122124	1792	f797a03e9af0
1781045465	10121951	1791	688d7cb78bb1
1781045018	10121942	1791	283fd0f79229
1781044924	10121853	1790	484b38ad8c2a
1781044554	10121764	1789	9d1918a9d9c7
1781044523	10121763	1789	6b95f6e364c5
1781044410	10121582	1788	2ba277b9bcc8
1781044395	10121504	1787	632f8bcd4c63
1781044363	10121503	1787	1b01e4074104
1781043687	10121361	1786	99bdeba8ea4e
1781043655	10121360	1786	24dc9fd07ca1
1781043120	10121279	1785	de6e8acfb5c2
1781043021	10121279	1785	285aba4f14bc
1781042887	10121279	1785	1b36a2abd87a
1781041870	10121279	1785	81c90bbbd3ca
1781041838	10121278	1785	d78bce5ea928
1781041089	10121269	1784	cc1e06e136a9
1781041058	10121266	1784	000fb6730385
1781039332	10121010	1782	704148112437
1781037748	10121001	1782	03887340dde3
1781037613	10120905	1781	326d9793409c
1781037393	10120854	1780	e89c162a997b
1781037362	10120853	1780	e08dc3f11fdd
1781037238	10120478	1779	69bc449ebc0f
1781036883	10120478	1779	b2dd244a7422
1781036850	10120474	1779	bb919600c592
1781036535	10120474	1779	be40dd756ef0
1781035501	10119785	1775	c7a307f9c1fd
1781035464	10119783	1775	262a95b12b87
1781034660	10119771	1773	25f31c83bbb7
1781034616	10119768	1773	8f63a2f71df4
1781034367	10119495	1771	04c3e75e724a
1781034261	10119397	1770	e1d048334c04
1781034253	10119396	1770	98b64969b450
1781034225	10119344	1769	a5c58f1de1ed
1781033507	10118903	1768	efbed5177287
1781033476	10118902	1768	c77e1e81c86d
1781033310	10118807	1767	21f3f7f25431
1781033246	10118803	1767	bf189dc59a08
1781033157	10118800	1767	5194721b6e7d
1781033121	10118799	1767	e9c36dc1b415
1781032538	10118715	1766	82f3b0b351a8
1781032525	10118714	1766	892f7c8a18e4
1781032504	10118674	1765	3f5e0792d553
1781032455	10118581	1764	32e9840455b3
1781032426	10118536	1763	3ae103c677bf
1781032375	10118535	1763	b25ccbaa347c
1781032368	10118535	1763	bc23e076fc2d
1781032177	10118439	1762	9ca36ece4eec
1781032176	10118395	1761	138b70fddfbf
1781032137	10118394	1761	5c9586538f81
1781031940	10118180	1760	98283dbeff81
1781031728	10118171	1760	8e1b15e4846e
1781031718	10118124	1760	887423a5707c
1781031688	10118125	1760	82c8fe865bd7
1781031681	10118125	1760	2fb56b3671f0
1781031670	8847689	1718	68b6b20ef4d9
1781031656	8847688	1718	776bbddfeacd
1781031637	8847643	1717	f0e687cf2a37
1781031375	8847510	1716	6430105ae3f4
1781031351	8847509	1716	9f8790524ec2
1781031201	8847438	1715	e5debdca1ce0
1781031149	8847437	1715	7c98b0bf5462
1781030218	8847256	1714	1355782575b6
1781029534	8847255	1714	ac53d1af4886
1781029075	8847255	1714	23d9b2780f13
1781028058	8847251	1714	b268a489ef39
1781028022	8847245	1714	cb4a2044bda3
1781024800	8846966	1713	d57c2248bb6b
1781023694	8846277	1709	d24fdb66f3d3
1781023287	8846268	1709	bd9971e84aae
1781021839	8846268	1709	c73291e3046d
1781014071	8846267	1709	ce82809e0d06
1781014068	8846267	1709	ba99642b4464
1781011445	8846258	1709	7dcb5b1c6673
1781011412	8846254	1709	a222c14d9087
1781011168	8846254	1709	7a04b3e38871
1781005687	8845565	1705	bef295c2f5e0
1781005259	8845564	1705	8f0691163853
1781004016	8845555	1705	6be26f440685
1781000689	8845555	1705	570c78c7a4ca
1780999938	8845555	1705	300fa2b0f2a5
1780999774	8924753	1705	47ab9cb8ee33
1780999732	8924748	1705	c4ffef4479f5
1780999523	8813570	1704	1a8615e5f6ed
1780999011	8812881	1700	f4bf9df972b1
1780998854	8812881	1700	d2a5197c36d1
1780995525	8812879	1700	a27b59960f05
1780994926	8812876	1700	9e33d63ce263
1780994745	8812876	1700	f11ef5109dda
1780993654	8812874	1700	835a07abb7f6
1780993451	8812778	1700	1e950b8872c2
1780991795	8812769	1700	c75d03d8d9fb
1780987477	8812765	1700	f0cae0439469
1780986025	8812764	1700	394b8bcd55db
1780985991	8812760	1700	70b0e0c56962
1780983348	8812760	1700	8e7204b8fa27
1780980008	8812760	1700	eb235f68e07b
1780979962	8812751	1700	80782e1619b5
1780979927	8813188	1696	77abb7b6346b
1780973644	8813174	1696	c64c81e6891a
1780973615	8813027	1696	872a15bec606
1780968318	8813027	1696	897938a0c666
1780965715	8813027	1696	42b999d02fb8
1780964002	6695362	1561	45b24bb1da4a
1780963690	6695353	1561	128adf70356a
1780962883	6695257	1560	18ea215b85cf
1780962847	6695257	1560	a7e997297494
1780962814	6695256	1560	aa51047d2acf
1780962751	6695181	1559	c6c235265bfa
1780962722	6695180	1559	58f3d84fe5db
1780962316	6694821	1558	43ab380c8247
1780962314	6694683	1557	f22827cf0d44
1780962284	6694682	1557	003a6a6e3301
1780962225	6694465	1556	f5d9b61edc11
1780962196	6694464	1556	f1abfb5b2d40
1780961837	6694069	1555	e1cf1db3d2e4
1780961775	6694055	1555	4011cc35911f
1780960966	4901489	1542	05a52678e0e1
1780960815	4901489	1542	6f828d2a6d77
1780960783	4901487	1542	90b72eaebc9a
1780960088	4901482	1542	a1ad490bcb0d
1780959499	4901421	1540	34be2791e7f5
1780958889	4901412	1540	544f09ba96d2
1780958861	4901408	1540	02338c1681de
1780956715	4901409	1540	2a4f246a2a05
1780956604	4901289	1536	9cedee764e5a
1780956361	4901290	1536	7f0fd9887f2f
1780956321	4901211	1535	9e83f63ebbb9
1780956292	4901203	1535	7375cbc3335a
1780955872	4901038	1534	ba1d4ff062f2
1780955478	4799978	1531	83db0ac6df74
1780954390	4799978	1531	2c03a0f7ff94
1780953884	4799783	1529	64d14d24b791
1780953561	4799774	1529	0b4bbd4cf671
1780953303	4799627	1527	d2c0008354bd
1780952850	4799626	1527	5938dc30d0d7
1780952821	4799620	1527	8b96f48fc5b7
1780951884	4799621	1527	436590547bd0
1780951739	4127044	1522	531370b9fb15
1780951713	4127041	1522	8ab442adc723
1780951281	4126873	1521	84f703fc560c
1780951033	4126693	1519	70e8dbef433d
1780951006	4126683	1519	b21997eb9c08
1780950785	4126634	1519	4bb6f85a6ec6
1780950584	4126342	1515	3d6fe8a33eae
1780950158	4126342	1515	8ca91fc563cb
1780950003	4126254	1513	91f7af8cd67d
1780949545	4126144	1509	e0e490ce9d01
1780949474	4126062	1508	a5c800347016
1780949441	4126061	1508	c09b86c5875b
1780949313	4125895	1507	b39ffd6aea8e
1780949302	4125794	1506	8f05e970891d
1780949273	4125793	1506	4c6bfd000fc3
1780949103	4125657	1505	f454ab6bd0b3
1780949102	4125656	1505	749edbe417b0
1780949071	4125537	1504	3d0bbc192b22
1780948999	4125038	1503	518240092ba0
1780948970	4125037	1503	c4a1668d29fd
1780948294	4124893	1502	9fdb9954d748
1780948266	4124891	1502	41fe05f37047
1780948219	4124734	1501	072d84100332
1780948192	4124729	1501	38d4bdd82e9f
1780946808	4124577	1500	c7bf7233cac6
1780946794	4124522	1498	7e5a0a9d1306
1780945280	4124513	1498	68fc1503f969
1780944046	4124463	1496	6cb76975c4fd
1780944036	4124456	1496	f9b126ce3707
1780944018	4124455	1496	b63b654ffe4f
1780943258	4124456	1496	256f5c061f33
1780943032	4023524	1493	990ee6662643
1780941976	4026642	1491	298507c22cee
1780940687	4026645	1491	55ae91247ca0
1780940346	4023407	1489	30094ef0da08
1780940323	4023406	1489	853b8b9221ed
1780937712	4023056	1488	b3f1df1789c3
1780935688	4023047	1488	148883da9868
1780935658	4023043	1488	77976f7a1bb7
1780931033	4023044	1488	2e45f26c4efb
1780927889	4023045	1488	917068b31996
1780927727	4016569	1484	4d86d495a11c
1780927532	4016807	1486	862588a6fe68
1780927503	4016742	1485	a4a8614beecd
1780927159	4016569	1484	4a283c05e85e
1780927126	4016566	1484	70ba45613484
1780926610	4016560	1484	af3d423691af
1780926551	4016485	1484	06da14754795
1780926064	4016450	1484	8100767c2b00
1780926039	4016358	1483	907342ec717c
1780925991	4016022	1482	ffcf1b57e761
1780925340	4015944	1481	822d64e1b9ec
1780925309	4015938	1481	8fc0bc845c7d
1780924797	4015867	1481	e91830d320c4
1780924593	4012091	1477	da888c4d2e8d
1780924473	4012082	1477	cdd133edf301
1780924436	4012049	1477	129098e17284
1780920688	4012015	1477	0622e09c8ab8
1780920182	4012016	1477	4c8a1b8280ca
1780919460	4012011	1477	e60d75bb8c60
1780918095	4012012	1477	8bdff29b9c30
1780917958	4012012	1477	2c30b29236fd
1780917920	4012011	1477	15ca8256511c
1780917597	4526318	1476	d3bea926130a
1780917516	4526260	1475	1e744fbaba97
1780917473	4526071	1474	a601ba2cb602
1780917471	4526069	1474	1f22a84556c6
1780917431	4526029	1474	59660fd68dee
1780917414	4525959	1473	bd7f5701d7af
1780917403	4525641	1472	9201ac998ff9
1780917375	4525640	1472	86a86e9717f9
1780917266	4525273	1471	4ad1a50b4132
1780916975	4525272	1471	21586844d5bd
1780913436	4525272	1471	9bae3ed18fce
1780913394	4525209	1470	850921b68427
1780912729	4525208	1470	575ca36b0ab7
1780912702	4525207	1470	f84946abe9ec
1780910390	4524806	1469	f01d3613714e
1780909565	4524710	1469	5921d36989b4
1780908101	4524701	1469	bf37c0386e88
1780907871	4524566	1469	ae21502e643b
1780907842	4524564	1469	b46ed582b970
1780907449	4524298	1468	8ff1bf7b9942
1780907417	4524222	1467	b0d5dba7a1fc
1780907388	4524221	1467	084c4dc79989
1780903090	4524037	1466	e795a6c95206
1780902363	4524037	1466	8d2d37ad60db
1780902333	4524036	1466	f25f6758af6b
1780901825	4600446	1465	2dd309cd6bf3
1780901611	4600446	1465	f646a7a1ffca
1780901585	4600379	1464	7d051100caa5
1780901558	4600378	1464	67190bda326f
1780901082	4600260	1463	3ba05154da6b
1780900426	4600240	1463	557c98049aed
1780900396	4600239	1463	18d0bec0b361
1780900314	4600228	1462	0a7da7ff724c
1780900287	4600227	1462	303439c36c11
1780899998	4600189	1461	edde3fbbc946
1780899968	4600188	1461	f3a6780db872
1780895046	4600175	1460	cbec0c8a8b59
1780891946	4600161	1460	f6d990dcf4bd
1780886772	4600152	1460	077fe29ef354
1780884318	4600140	1460	0a95ab822f8b
1780881035	4600128	1460	4c8937317c78
1780880839	4600128	1460	6786100c8d17
1780880811	4600127	1460	2a3094112175
1780880288	4596853	1459	188ec33fbae9
1780879797	4596853	1459	33af572c0fd7
1780879770	4596852	1459	939dc9460c88
1780879296	4593578	1458	11614fb05269
1780879266	4593577	1458	b1f61dad856e
1780878788	4590303	1457	ffe358daaf58
1780878761	4590302	1457	95cc28703550
1780878283	4587028	1456	a5477d90641a
1780878259	4587027	1456	fa1bcfe0d590
1780877799	4583753	1455	98e8644e5d55
1780877771	4583752	1455	06ded1b10f22
1780877317	4580478	1454	24e44c55529e
1780877290	4580477	1454	00b0607af3da
1780876847	4577203	1453	46ee64b3d9ac
1780876819	4577202	1453	469bd588de85
1780876414	4574178	1452	99e1988f45a9
1780876388	4574169	1452	25d434266146
1780876356	4574168	1452	1c109b9f742d
1780876345	4571403	1451	830f01426c54
1780876328	4571403	1451	47daf3128dcc
1780875938	4571403	1451	d43d4b51ffbc
1780875910	4571402	1451	74939ba16406
1780875414	4569401	1450	e7f5787aa863
1780875406	4569386	1450	67ebd9892d30
1780875357	4569309	1449	8b55c18c8806
1780874422	3638570	1436	61d546b277ac
1780872937	3638467	1435	0956eef8f05e
1780872906	3638462	1435	3c030a2f9b30
1780872633	3635156	1430	996f3047a328
1780872434	3635156	1430	0eb166b6f55b
1780872304	3635158	1430	851831d06f06
1780871467	3635149	1430	db639a05c56d
1780871439	3635080	1429	d17d5679e150
1780871411	3635079	1429	98f780d19bc0
1780869214	3634793	1428	79e75d27e187
1780868513	3634793	1428	a51539ca0d9a
1780868147	3634793	1428	4b93e5ae8f62
1780867358	3634784	1428	88e61ab9b342
1780866230	3634731	1428	73328d47a458
1780865738	3634722	1428	3314e7abcab8
1780865433	3634712	1428	0b73d722499d
1780865277	3634712	1428	60afbce9ce58
1780865252	3634711	1428	6dfb36a92112
1780863870	3634652	1427	af59d552e64b
1780863679	3634641	1427	bdabdd5d443e
1780863654	3634641	1427	4bae697e880d
1780863298	3634605	1427	67fa320cf29d
1780863270	3634603	1427	4a1eccbd3d6a
1780862724	3634318	1425	7f34a502ea0f
1780862472	3634309	1425	bb009d7b1fdc
1780862459	3634309	1425	747ead01f8eb
1780862431	3634308	1425	f2d67113b703
1780861490	3634067	1424	a2ac682f5151
1780861464	3634066	1424	1edede67a374
1780861319	3634065	1424	3690694992e5
1780861292	3634017	1423	16852c5827a9
1780861291	3634014	1423	f8c688f4e0c3
1780861265	3633978	1422	6304a75ecaca
1780861155	3633940	1421	225ec4fb8402
1780861101	3633940	1421	4805b9921e8d
1780860362	3633918	1420	743c7b02b5af
1780858813	3633903	1420	a6191165f52a
1780858125	3633903	1420	67b7c46baa73
1780855286	3633894	1420	fba7e52d4d7e
1780854494	3633894	1420	22a58233e959
1780853002	3633894	1420	4fc0bcea197f
1780851501	3633885	1420	e0d36f5b2c28
1780849560	3633885	1420	1124f248e18e
1780847667	3633885	1420	60e0fb38a011
1780847142	3633876	1420	20b32b9bfe8c
1780846748	3633876	1420	afba8ea1e5b7
1780844413	3633775	1419	795231fe06ea
1780842515	3633775	1419	a3a1b359237d
1780842327	3633766	1419	c26e7a60eb1c
1780842266	3633720	1418	de310a72fd4c
1780842236	3633719	1418	cfe573b7e021
1780841916	3633563	1417	61b9e05352c4
1780841398	3633563	1417	7e006a4f6e87
1780841344	3633563	1417	d26b8f784294
1780837696	3633559	1417	5539998a2791
1780834999	3633559	1417	d11501be542e
1780834260	3633550	1417	e2b8462801e7
1780831828	3633550	1417	61194f32bf45
1780829670	3633550	1417	4be977ed6882
1780828700	3633541	1417	70d103938760
1780825846	3633541	1417	bf1a6eaf56d8
1780825627	3633542	1417	fab022b5e584
1780825589	3633540	1417	102b1d68d38d
1780824604	3079063	1415	a090e24a3682
1780824339	3079093	1415	4223fdf5610a
1780821749	3079093	1415	5e218e9e55d2
1780820942	3079105	1415	fd754e0487a4
1780820595	3079096	1415	089ae1e6eff5
1780820385	3079097	1415	1a65b3a7e93b
1780820337	3079001	1415	b1521388bf88
1780820336	3079001	1415	93d2c1a681b2
1780820308	3079000	1415	a93d7a01784b
1780819734	3079000	1415	5998385edf84
1780819634	3078999	1415	a71da3cf8039
1780819606	3078998	1415	730d74d47cb8
1780819583	3078991	1414	1c074948da43
1780819540	3078991	1414	4dbfb8ef4cd5
1780819511	3078991	1414	561222a5be8c
1780819426	3078992	1414	410318926b63
1780819390	3078991	1414	ff00b8ffa0e8
1780819368	3078989	1414	984bb620ba34
1780819025	3078883	1413	e3db992373bc
1780818738	3078883	1413	7720998fdae9
1780818542	3078875	1413	d0a4c8718c3b
1780818516	3078874	1413	5fd05420468d
1780818321	3078702	1412	5338506fa0ae
1780817425	3078700	1412	034676fad9a8
1780814411	3078705	1412	1ca4b0150459
1780808507	3078705	1412	e8172af097d7
1780808363	3078696	1412	a431ca84ef64
1780808309	3078696	1412	1ef7ac6ed856
1780797636	3078682	1412	00de552ed960
1780796285	3078682	1412	07eeb52573dd
1780796255	3078681	1412	4d67bf811b18
1780796234	3078678	1411	445fbcd8b29c
1780796205	3078677	1411	29987b6557df
1780795885	3078586	1410	4abcfc707603
1780795854	3078583	1410	54824e9d8465
1780795652	1403142	1408	754fee763376
1780795157	1403142	1408	f2bb4581d296
1780795068	1403072	1407	11fb8eaf3e52
1780793307	1402975	1406	708d089224c5
1780793274	1402913	1405	6b7875b42fd9
1780792773	1402913	1405	fde602bb21ce
1780791810	1402908	1405	e7fbcfad76ea
1780791780	1402838	1404	4fbc2163de93
1780791578	1402837	1404	e2e4b1af2f33
1780791453	1402837	1404	6f49bf82af68
1780791138	1402828	1404	e628ebcf88df
1780791114	1402827	1404	241915a3014c
1780790775	1402800	1403	364ae5bb0245
1780790751	1402799	1403	d3c50961be17
1780790622	1402540	1402	402924b02a9d
1780790595	1402539	1402	de269110e8bd
1780790571	1402538	1402	060d1046f6e9
1780789657	1402338	1401	02327face735
1780788766	1402338	1401	f42171785bc2
1780788667	1402317	1401	1486da8fbab8
1780788288	1402317	1401	6bccb2578e47
1780787894	1402317	1401	99fda72d55fa
1780787774	1402316	1401	179138119215
1780787711	1402315	1401	e49dd6eb9bad
1780787685	1402310	1401	9a320bd9245f
1780787310	1239797	1397	ebad26ccdbc6
1780787249	1239788	1397	add9f36d3a11
1780787243	1239787	1397	aa5576d9c28b
1780787222	1239730	1396	830b1c9180e8
1780787160	1239675	1395	5d462a23302e
1780787137	1239674	1395	e860750a6274
1780787133	1239661	1394	0caadda62198
1780787109	1239660	1394	f8414cce7de1
1780786551	1239643	1393	74f910615e15
1780786524	1239640	1393	55342e3e5968
1780786362	1239619	1392	b7de9210c256
1780786359	1239616	1392	651e4e28ff49
1780786332	1239610	1391	ec462adab775
1780786319	1239528	1390	49131bd4dd8b
1780786307	1239489	1389	dcb9470da54f
1780785959	1239330	1388	2eb3c3e99834
1780785928	1239329	1388	622f5d5acc99
1780785905	1239326	1388	6ca03a4ac72a
1780784202	1239237	1387	0662549d8747
1780782863	1239237	1387	ce967d53635d
1780782254	1239228	1387	ae5a46fe0335
1780780470	1239227	1387	5622cd91016d
1780778915	1239227	1387	c1f079c61403
1780778346	1239218	1387	9fffa1d9fb87
1780776396	1239218	1387	07910972f4b4
1780775027	1239218	1387	42554a14ad22
1780773815	1239209	1387	fe3c6d7730a4
1780772259	1239209	1387	301a426a3c4e
1780768786	1239208	1387	4e554fe8fb01
1780768535	1239199	1387	72afe23a430d
1780768292	1239198	1387	145585f68663
1780764512	1239198	1387	8b396eabffdb
1780764503	1239189	1387	4d5d2053330d
1780764431	1239189	1387	5671d92cda23
1780760692	1239188	1387	e48810ad6fa2
1780760506	1239188	1387	84bc1440829d
1780760345	1239187	1387	f636f78e5d3c
1780755788	1239178	1387	7d3d161036a6
1780755147	1239177	1387	1ee03db106b8
1780754652	1239177	1387	eefa85113457
1780750513	1239168	1387	1f8a75ade493
1780748188	1239168	1387	ae068652f488
1780747063	1239167	1387	020dc6a27c26
1780746384	1239158	1387	4409d2d0186f
1780744047	1239157	1387	cdb23c2320de
1780741622	1239157	1387	4ab9327de2f8
1780741033	1239148	1387	fb76e73eb989
1780738447	1239148	1387	89eea8ebc003
1780735321	1239147	1387	d7fccd96f8c0
1780735152	1239147	1387	d9837291a0c6
1780734266	1239145	1387	c86c5ca46406
1780734075	1239055	1387	7eb821726497
1780734052	1239054	1387	5aa20ca81993
1780734011	1238981	1386	c394687e80a3
1780733986	1238980	1386	58b6e0f6b9e6
1780733817	1238959	1385	e8ef3f4851ab
1780733218	1238950	1385	58517f75a48e
1780733123	1238950	1385	8486d8a30c5c
1780733099	1238888	1385	9ee92eb1e0ef
1780732844	1237364	1353	85fbeeee7506
1780732228	1237315	1352	ac50693adcc6
1780732205	1237314	1352	cdc8a987f82a
1780731776	1237025	1351	dd8222d4142c
1780730782	1236929	1351	d59ffb94e893
1780728786	1236929	1351	19c32c74c9da
1780728759	1236927	1351	352aff1f8dcd
1780728504	1236262	1349	fa443f73bb51
1780728333	1236208	1348	6d54aefae4e5
1780728309	1236207	1348	3dd0db97d665
1780728255	1236099	1347	98e7af74f164
1780728230	1236098	1347	5f67753eda90
1780728109	1236079	1346	99f219ecc69d
1780728085	1236078	1346	81f15628efa5
1780728077	1236061	1345	ba1b42d4d042
1780728053	1236058	1345	fd3ecaf08d57
1780727577	1235433	1343	cd0d486de920
1780727550	1235432	1343	5298782dd5f9
1780727324	1235217	1342	f8abb6a6bbe2
1780727300	1235214	1342	25c7c86b7101
1780727289	1235187	1341	ec3e7ae7e232
1780727282	1235186	1341	5fe9eb338e90
1780727265	1235127	1340	cce78cb0991b
1780724637	1235012	1339	4d7e7d981ae9
1780723866	1235003	1339	875b913127a3
1780720243	1235003	1339	c8c61dc98ce3
1780719257	1234989	1339	ae16f0fa9f87
1780710472	1234989	1339	593da28b24b8
1780709465	1234980	1339	dafb65401a91
1780703919	1234979	1339	3ff7438c311f
1780703076	1234979	1339	e25623396799
1780702648	1234970	1339	d64a2b3e68ad
1780699903	1234970	1339	412414304a13
1780698033	1234970	1339	1eca91785a15
1780697584	1234961	1339	7aac80664969
1780696124	1234961	1339	97e6db12ac0c
1780693099	1234961	1339	8c521d0305e9
1780692904	1234961	1339	8e046608555f
1780691425	1234952	1339	470708a2cb58
1780691408	1235342	1339	50befb7c5182
1780690566	1235342	1339	0ccc2f061274
1780690230	1235341	1339	43dc2f7d0590
1780690203	1235339	1339	6d162cde83a3
1780687144	1234942	1338	8365cea0cbce
1780686256	1234942	1338	65fb5480436e
1780683226	1234933	1338	62233b862eba
1780680640	1234933	1338	5332ad175bb8
1780679641	1234933	1338	b2a15fc55997
1780679624	1234776	1338	77aebe6ef5fd
1780679597	1234773	1338	95fc7bd6dffa
1780678730	1234533	1337	657c3e1e249b
1780675975	1234524	1337	722f43dcc2bc
1780674049	1234524	1337	8723f0f50eef
1780669225	1234524	1337	1fa225f3ac5d
1780665956	1234515	1337	6c9d4f1350a8
1780663622	1234515	1337	6bb0e2cdba7f
1780660108	1234516	1337	f146e1027d4a
1780654326	1234507	1337	9e477b018c40
1780654110	1234507	1337	a5f881d44e3a
1780653995	1234493	1337	d804a86244a3
1780653786	1234493	1337	0fd80a7ba9c6
1780649862	1234493	1337	d47b60bf6a45
1780648781	1234516	1337	5b1bc71ae8e0
1780648517	1234420	1337	e6f97e7b434c
1780639442	1234411	1337	45f2c196b9ce
1780639355	1234411	1337	f6e9bc020653
1780634979	1234411	1337	877b0c6e8082
1780634506	1234397	1337	07a0a9b5a9fb
1780623169	1234388	1337	dab01b15be5c
1780623080	1234387	1337	f2bbc9251f71
1780619562	1234387	1337	1c8bd1bd16f2
1780619279	1234364	1337	6aead73d1319
1780619049	1234391	1337	f23f529841bc
1780619022	1234390	1337	6b44b6b5652d
1780619001	1234389	1337	0991524486e9
1780618597	1234218	1336	829031eb410f
1780618572	1234217	1336	f7930a62f718
1780618346	1234184	1335	6ad51f18208b
1780618079	1234128	1334	899a4b2d4a0e
1780618050	1234127	1334	c288993820a7
1780617704	1233959	1333	2147f1052dd0
1780617678	1233958	1333	2f9533f2bc8e
1780617550	1233898	1332	7121f6b90d82
1780617465	1233842	1331	3709ff818ba1
1780617284	1233833	1331	b59b45fdfc96
1780617258	1233832	1331	1933ff7800c9
1780616011	1233639	1330	63070b47a661
1780615983	1233637	1330	3320c873411f
1780615980	1233558	1328	828d72c4b0ef
1780615817	1233556	1328	bea78c7af35a
1780615807	1233555	1328	00e6b8a2896f
1780615791	1233497	1327	0589d1c937e6
1780615521	1233247	1326	5ceb6c8d51c3
1780615314	1233240	1326	6c2fd980fb8e
1780615235	1233238	1326	0017bf239f98
1780615153	1233238	1326	8c8ad5d8266b
1780614978	1233243	1326	13d9fdfe8d08
1780614769	1233243	1326	c5aeefc657ba
1780614447	1233243	1326	451db6d3c399
1780614067	1233238	1326	b1a249153645
1780614054	1233237	1326	c67546f76055
1780614030	1233236	1326	cd7ac6cd1b95
1780614016	1233086	1325	d4949942eba5
1780613991	1233084	1325	c1c88d19a73a
1780613210	1233034	1324	eea603c9ed6d
1780610880	1233025	1324	e65bf4a2bebe
1780610235	1233025	1324	e0fa156e99f2
1780607381	1233025	1324	b014956228c0
1780605352	1233016	1324	e085f5ebbe67
1780605335	1233015	1324	aa60db8d45d4
1780605328	1233014	1324	e69a1f55880c
1780605136	1232986	1323	2d71a087f04d
1780605100	1232933	1322	d2aaa611828a
1780605074	1232932	1322	872895fabd15
1780604381	1232794	1321	a3f897b4a851
1780603662	1232793	1321	2c06066001ac
1780603634	1232792	1321	989cdaebc0d0
1780603507	1232772	1320	02d43f4ccbaf
1780603286	1232719	1319	20197d3d3525
1780603261	1232717	1319	b4b2b22043ea
1780602860	1232639	1318	5ad56d93be2f
1780602613	1232615	1317	50d44ccf5102
1780602400	1232588	1316	17186812f37f
1780602374	1232587	1316	630fd5c58de7
1780602059	1232475	1315	06197b327f54
1780602032	1232474	1315	9c89a32385de
1780601979	1232424	1314	152739a05853
1780601946	1232381	1313	32453973b5ad
1780601923	1232380	1313	82c526f4d789
1780601481	1232235	1312	dc5159b6d3a6
1780601462	1232243	1312	175e50b0e488
1780601432	1232242	1312	aa6ad625611d
1780601304	1232204	1311	ce46a6d27e63
1780601120	1232149	1310	86082da4a264
1780601005	1232185	1310	b23c73fda267
1780600902	1232207	1310	17ebcb38707d
1780600832	1232212	1310	05355b5809de
1780600765	1232246	1310	1fa113b2ea36
1780600739	1232245	1310	8bbafef877fb
1780600285	1232119	1309	21ae77c721ff
1780600249	1232110	1309	e7145f6d0d98
1780600223	1232109	1309	c625204e12e0
1780599554	1232079	1308	36a74e5485d7
1780599528	1232024	1307	53025b639eab
1780599503	1232023	1307	6d5ac01f71e2
1780598153	1231914	1306	b5b47edb228b
1780597763	1231915	1306	7ec257b2f2eb
1780597735	1231913	1306	98984675f0dd
1780597606	1231878	1305	e1f568049245
1780597577	1231822	1304	57a3e3c3ba33
1780597043	1231652	1303	994312a6b098
1780597014	1231651	1303	d6896d4fc2be
1780596775	1231607	1302	00a7596798b7
1780596420	1231607	1302	9f15f06fb73d
1780596417	1231606	1302	646ccdfd8f9e
1780596391	1231548	1301	1cebf23423c0
1780596222	1231343	1300	c4f00226e362
1780594094	1231343	1300	fd12f3aecc23
1780593991	1231348	1300	0348594a0930
1780591709	1231578	1300	ed18bb9f7aee
1780590800	1231569	1300	e2a4c0a951d3
1780590708	1231568	1300	f6c09c0ffaa6
1780590212	1231505	1300	aaacda0d5f40
1780588105	1231509	1300	fc7551c9c61c
1780584550	1231508	1300	9106af374f7a
1780584029	1231503	1300	ab7cdde004aa
1780584000	1231502	1300	eaf276515a73
1780582479	1231365	1299	075c03695881
1780581864	1231337	1299	ad8efd807a9a
1780581394	1231258	1299	1962c127ef09
1780581015	1231116	1299	34ff442488fc
1780580771	1231107	1299	d5547b96b9d7
1780579919	1231028	1299	ed4fe6d92a31
1780577452	1231027	1299	dbdafce6f066
1780577426	1231026	1299	de7ca94afda3
1780577399	1231021	1299	55f2d47d2327
1780575345	1230808	1298	dcdb4ff99ace
1780575319	1230807	1298	910a605b8776
1780570934	1230808	1298	3619addab091
1780570811	1230500	1297	873c6ad87df9
1780570704	1230472	1296	c374e6a22485
1780570679	1230471	1296	308eb0e03726
1780570203	1229987	1295	b263b33de573
1780569654	1229959	1294	6e04a877f080
1780568051	1229950	1294	4a368bf0bdac
1780567555	1229948	1294	95651f072fbb
1780567349	1229948	1294	47bb5cbea8e2
1780567055	1229946	1294	391b69f08566
1780567027	1229945	1294	bcde64839865
1780566281	1229723	1293	34dd8703c01e
1780565271	1229693	1293	d39647c32bad
1780564916	1229692	1293	da96d83ee551
1780564240	1229692	1293	79083b9ae142
1780564211	1229690	1293	fd86aa9a397b
1780563925	1229645	1292	26ee92720d19
1780562987	1229645	1292	6af0de293471
1780562845	1229542	1292	2a772974f1f5
1780562641	1229589	1292	999bcd84a93e
1780558113	1229493	1292	e21dbcd8f321
1780557936	1229430	1292	b1e73c1cb8f8
1780556062	1229430	1292	86661313816c
1780554272	1229421	1292	94e35a2f39a6
1780553924	1229420	1292	a272605e2334
1780553763	1229357	1292	e1b173dfeb07
1780550160	1229287	1292	57a54047c46e
1780549912	1229287	1292	b76b95f94b2a
1780538606	1229273	1292	84d37ed79e82
1780537745	1229264	1292	dc1780f55ab9
1780532444	1229263	1292	b96303a8366e
1780528785	1229263	1292	d35f54fcc985
1780528732	1229254	1292	ed5da6f3f581
1780527608	1229253	1292	b00762fd83be
1780527582	1229252	1292	a955f25edaa5
1780526471	1229253	1292	c5f4378b2775
1780526352	1229167	1291	6adac36450b3
1780525072	1229167	1291	5c92255442fb
1780522309	1229136	1290	dad97ae2252f
1780522127	1229135	1290	1999b3423517
1780518584	1229126	1290	cf710812d8c4
1780514011	1229126	1290	493f766276c1
1780513978	1229125	1290	76113dd72b4c
1780510774	1228939	1289	cdb390fbcd01
1780509644	1228938	1289	a2de13877538
1780506828	1228929	1289	c00900ff89c3
1780506798	1228924	1289	c2d5721fb291
1780504880	1228924	1289	328c5084b7ec
1780504677	1228856	1284	f982945c1361
1780499459	1228528	1284	271bbb150296
1780494972	1228517	1284	88da6ea271cb
1780493666	1228440	1283	bd3e85315b53
1780493635	1228439	1283	f6b91e4e9784
1780491308	1228399	1282	1954864306a6
1780491096	1228390	1282	c5fd09d23b6c
1780491000	1228384	1282	e8073031a5b0
1780489990	1228386	1282	501d5cdea325
1780488860	1228326	1282	a872a4288a29
1780488348	1228245	1282	c8a985de5c3e
1780488306	1228244	1282	67434e0de14c
1780488285	1228244	1282	d4dd3557ea30
1780485417	1228230	1282	74a789f627a3
1780485143	1228216	1282	fe6fbaf0b069
1780482379	1228216	1282	453d30dd2677
1780478543	1228202	1282	be1da100df4d
1780470302	1228106	1282	3efca09f98c1
1780470239	1228106	1282	66d533dfe01e
1780470220	1228106	1282	f3a37d9cfdbf
1780464018	1228092	1282	4eb697c65797
1780452345	1228078	1282	50752825370e
1780452238	1228078	1282	95ff47c41aba
1780452218	1228078	1282	cb11f651f647
1780445375	1228064	1282	cd34bd012330
1780444968	1228068	1282	a4291071bd5e
1780444948	1228039	1281	1c265eef1126
1780444926	1228037	1281	5a8e4ab3aae1
1780443737	1227857	1280	3d9aff8d6795
1780442804	1227802	1279	53568c063282
1780442589	1227773	1278	007eb31d24ee
1780442529	1227774	1278	f5b8ebda4cd2
1780442490	1227773	1278	63c05754af2e
1780442471	1227773	1278	f9647d7ad019
1780442206	1227760	1278	706688ce36c4
1780442184	1227759	1278	055d1888820b
1780442003	1227608	1277	1a505dc54c6e
1780441870	1227580	1276	5724f2e86f2e
1780441847	1227579	1276	f6bdba11462f
1780440988	1227349	1275	b00d5d76c204
1780440019	1227348	1275	7653c22ee66f
1780439995	1227347	1275	86cb7dbb5388
1780438046	1227322	1274	9a54551874fd
1780436952	1227322	1274	457aeddbc153
1780436706	1227339	1274	d859608be9ce
1780436669	1227339	1274	80c3dfede2fe
1780436359	1227338	1274	9b2188296887
1780436336	1227338	1274	5ab3525beb7d
1780435964	1227337	1274	ad53457da695
1780435942	1227336	1274	752714fffe68
1780428417	1227305	1273	6d422dd2fefc
1780428332	1227276	1272	2b18f6b526a8
1780428305	1227274	1272	641088bf168f
1780427886	1227139	1271	99ba6fcc5c62
1780427709	1227106	1270	ad31e913de2d
1780427632	1227078	1269	6c8cee5c282c
1780427605	1227076	1269	5d1412f12bf5
1780427220	1226979	1268	575f7e9b2db0
1780426993	1226941	1267	6bbaaea9f4ca
1780426980	1226913	1266	12cba3573d87
1780426954	1226912	1266	fadd0338fb58
1780426393	1226811	1265	c5f033c70cb1
1780426305	1226811	1265	92b43a109c3e
1780426278	1226811	1265	e08190a2d904
1780412814	1226797	1265	db543f605aca
1780412600	1226797	1265	f4815e1ad82b
1780412573	1226803	1265	4d9f32c3cbc9
1780398292	1226794	1265	ed1090d6cad1
1780398079	1226794	1265	8f3551993186
1780398056	1226788	1265	f10bd9201077
1780397235	1226769	1265	36ceec73e008
1780397067	1226769	1265	204c78da5b53
1780394422	1226767	1265	1f828e4ccf6b
1780393672	1226752	1265	2564cbcc2e3d
1780390985	1226750	1265	93452983b784
1780381451	1226654	1265	4569fb3764f3
1780381381	1226654	1265	487f612be61e
1780381362	1226650	1265	8fe05feef45d
1780376536	1226633	1265	732c7bdd0c1b
1780364607	1226619	1265	8f916ee857a0
1780364506	1226619	1265	10ce36411e5e
1780364489	1226623	1265	8ac26708e4a1
1780356140	1226626	1265	a857d60fa79d
1780356068	1226626	1265	839f33528435
1780356048	1226626	1265	f89872976a3e
1780350746	1226612	1265	43c054b26a85
1780350717	1226614	1265	378d74c8aa7c
1780350696	1226614	1265	967365999a96
1780338728	1226600	1265	22ff145eeaf7
1780338631	1226603	1265	c8bc94b723c0
1780338608	1226603	1265	be2113b7db53
1780318198	1226589	1265	fe34bef66b48
1780318176	1226588	1265	072dd37d83f5
1780317949	1226590	1265	7c4dc4de3694
1780317930	1226590	1265	ad6662a43525
1780317806	1226576	1265	7bb049f13293
1780315852	1226571	1265	789ecd548735
1780314789	1226539	1264	2e0e781ab56a
1780314502	1226538	1264	69ce9ef29c01
1780313760	1226538	1264	b7ba3b7700a5
1780312744	1226543	1264	30d794f57d0d
1780311569	1226549	1264	8cd365bef248
1780310747	1226572	1264	362ee0c4a21a
1780308842	1226571	1264	8c51e05b0fd9
1780303911	1226475	1264	0e2582d40462
1780301588	1226475	1264	6f711e019507
1780301477	1226472	1264	b9d4f155cbc0
1780300543	1226460	1264	60f2d7e823b1
1780299869	1226460	1264	2f432883d59d
1780299636	1226460	1264	eec85bfeaa91
1780298710	1226460	1264	da7cca9a06cd
1780298566	1226461	1264	daed9b9c3678
1780297701	1226454	1264	9a29712c8f91
1780297601	1226454	1264	f0abe4c151fb
1780297478	1226454	1264	9200c6d26668
1780297174	1226454	1264	441ae7a15565
1780297154	1226454	1264	d256ac525d26
1780297068	1226440	1264	630cd699b213
1780293823	1226440	1264	04bf5a558e73
1780291163	1226440	1264	822c4f920a10
1780281404	1226426	1264	55b8eae2411b
1780279069	1226426	1264	30241d20da49
1780279048	1226425	1264	2962dfa64fc2
1780279014	1226413	1264	4153e9942c24
1780278996	1226409	1264	05c97da5e79a
1780278323	1226391	1264	f8e4ecb76775
1780277272	1226359	1263	cd905c7d5d94
1780277219	1226331	1262	defa4d07a36f
1780276785	1226345	1262	14e983f09ba6
1780276767	1226343	1262	3a41fea2c1ca
1780276764	1226237	1261	e41d1c4b8d9f
1780276491	1226083	1260	c660043e287e
1780276371	1226057	1259	5e009e462401
1780276349	1226055	1259	3d0e38cbef57
1780272866	1225772	1258	aaf7596e956c
1780272337	1225725	1257	27d30c9eb185
1780272329	1225724	1257	e7d348cdfec1
1780272314	1225695	1256	c46591abba99
1780270510	1225566	1255	6a28a53f7d86
1780270490	1225564	1255	f21dd3ad424a
1780270384	1225565	1255	b3b791f7b685
1780270365	1225569	1255	ff5e7d0b9666
1780269210	1225559	1255	436c3c1732bc
1780269084	1225530	1254	70ca6925cdfb
1780268554	1225507	1253	a691ed186226
1780268549	1225506	1253	724e65c94d0b
1780268534	1225479	1252	7aada90dec02
1780268120	1225399	1251	fc8fd4f7d5e6
1780268099	1225395	1251	f1aedb7431f3
1780268074	1225395	1251	1c913419e91f
1780267313	1130415	1247	682f1c8ae805
1780267256	1130368	1246	e4bc3ca5c337
1780267236	1130367	1246	f66d8ea1c078
1780265882	1130003	1245	f1464d8263e6
1780265863	1130000	1245	ba3c12e11e49
1780265750	1130000	1245	6bc7b019f525
1780265733	1130000	1245	4b6040e9dcf8
1780264653	1129986	1245	8702b273a561
1780264427	1129718	1243	78eecbe491f8
1780264422	1129717	1243	80b912b1d83a
1780264408	1129690	1242	297564dacfdb
1780264390	1129619	1241	aabc59e55da7
1780264385	1129618	1241	0575da2e2b1b
1780264369	1129586	1240	07d5107f932b
1780264285	1129318	1239	4fc157c3a8a8
1780264262	1129317	1239	15fff3d258dd
1780262208	1129029	1238	828b0c8caf05
1780262028	1129029	1238	383a444d1e20
1780262011	1129029	1238	bd9d8b17c3a8
1780258924	1129015	1238	3b21baf030e3
1780258912	1128979	1237	420e8bd5cee3
1780258889	1128978	1237	2053d343562a
1780258714	1128836	1236	2f71466c7a51
1780258695	1128835	1236	2f64601dc49a
1780258491	1128627	1235	767abfbe8624
1780258387	1128591	1234	0db272f36cd7
1780258349	1128591	1234	b09fd2ae5934
1780258328	1128590	1234	bcc67803799f
1780257907	1128390	1233	0cd91a4d1218
1780257887	1128390	1233	609e575188e5
1780257447	1128376	1233	bb8485f6dbe6
1780257426	1128375	1233	ec9e88f9225a
1780257302	1127313	1232	7659dc364bb1
1780257263	1127277	1231	1de49e12b327
1780257242	1127276	1231	7182331d9481
1780253791	1126841	1230	6fbab4f96920
1780253693	1126841	1230	2389b8db14cd
1780253676	1126841	1230	04264db170b7
1780249736	1126827	1230	f8918a020919
1780249460	1126827	1230	8b34e2abfba0
1780249440	1126827	1230	cc592eba09c5
1780246087	1126814	1230	b44bd6e7e83b
1780245501	1126814	1230	51e15ea872ec
1780245484	1126814	1230	13ad48e69a60
1780242369	1126813	1230	7a9495c7b756
1780240606	1126813	1230	f21494282040
1780240588	1126813	1230	ea6bcd2a19ee
1780237378	1126799	1230	31bf43ff4f38
1780235711	1126799	1230	cb0c0a987460
1780235690	1126805	1230	514e170ee13b
1780231629	1126796	1230	3b696533566f
1780228675	1126796	1230	b84519ae2dd8
1780228658	1126796	1230	a94d58a1ebf8
1780225859	1126782	1230	b9c5d4dd77a4
1780223199	1126783	1230	24dc9f7fb623
1780223180	1126783	1230	f62e69057d99
1780219033	1126769	1230	5fb0bc2cf15c
1780218063	1126768	1230	44ad9b39cfa1
1780217703	1126798	1230	1c2bac4ebcf9
1780216430	1126798	1230	093ab6a4b3a5
1780215348	1126828	1230	5eca0643799f
1780215330	1126822	1230	6d1f329f069a
1780215026	1126803	1230	7f33a32fab5b
1780207169	1126707	1230	d7be6e9f7d6d
1780203405	1126706	1230	f336bbe8a3c0
1780203387	1126706	1230	d84710e7d225
1780203287	1126692	1230	3a5219c7ac4b
1780191127	1126665	1230	c70ea8bf2de1
1780186684	1126664	1230	a16d85c509a0
1780186665	1126664	1230	5eeb41661d99
1780183012	1126650	1230	2adb335283b4
1780183004	1126650	1230	f0c8516bbe1e
1780182994	1126648	1230	884238280768
1780179417	1126634	1230	d13105fa6ea9
1780179315	1126635	1230	747bf5193224
1780179229	1126638	1230	562b58606004
1780179203	1126637	1230	2f20408aa657
1780179184	1126637	1230	645217eb5de0
1780179170	1126624	1230	d735d132bb68
1780179150	1126626	1230	1eab4c5f6961
1780179091	1126650	1231	cde56328e5b3
1780178647	1126652	1231	076bf96bb913
1780178087	1126652	1231	acaccb289c50
1780178023	1126651	1231	7e7e28b1fac3
1780177982	1126648	1231	35642a23934d
1780177964	1126646	1231	909c29b349c8
1780177909	1126622	1230	1c84c18c3657
1780177713	1126620	1230	bbc55d00dce8
1780177604	1126620	1230	540d60467d4d
1780177281	1126620	1230	cf4dddc24537
1780177223	1126620	1230	a4a1eeec35f0
1780177001	1126619	1230	a5585a51a8a5
1780176947	1126619	1230	90764b891875
1780175465	1126619	1230	2ca2bbd69bf9
1780175449	1126618	1230	91d7707a2df6
1780175431	1126618	1230	842fa10b90a3
1780175311	1126617	1230	9e2c917ef22b
1780175239	1126604	1230	cedcb6c0d54a
1780174979	1126604	1230	f92b0c63e72d
1780174192	1126604	1230	3a9b55a66b94
1780174172	1126603	1230	41dc5611944d
1780173983	1126439	1229	a194083ad972
1780173938	1126439	1229	39a3205c6bd0
1780173824	1126437	1229	ddae9bcac366
1780172759	1126436	1229	85dc1341fb3b
1780172718	1126436	1229	85d823f13a6c
1780172684	1126435	1229	04baa3de1e9c
1780172626	1126433	1229	e4848f645307
1780171483	1126428	1229	b30d4409ba80
1780171166	1126428	1229	bc0a657d84c9
1780171157	1126428	1229	e1fbca93f878
1780171145	1126427	1229	cd7611dcca96
1780170836	1126413	1229	eb2330144a5f
1780168671	1126413	1229	cc657b6f108e
1780168630	1126413	1229	408affeb153b
1780168307	1126413	1229	26cbe2d8a032
1780168258	1126413	1229	0a4371798908
1780167992	1126403	1229	52acf4ad9fa9
1780167651	1126406	1229	bac321dfe9bb
1780167063	1126406	1229	dd542d6141c7
1780166837	1126406	1229	d1cb3a21e3d5
1780166836	1126406	1229	41e608ab1f71
1780166825	1126298	1229	cd5affe38e03
1780166820	1126297	1229	81da7fada442
1780166770	1126284	1229	782a29609558
1780166702	1126280	1229	05a1150f2eb7
1780166614	1126280	1229	d1391d6ef875
1780166269	1126283	1229	c196d03d63cb
1780166141	1126283	1229	007cdfcf4cb9
1780166066	1126284	1229	467f3d56a8c0
1780166031	1126282	1229	d516e1907539
1780162806	1126277	1229	35eb66d59c22
1780162790	1126277	1229	bd1f4c469d7a
1780162779	1126276	1229	bf51f2dd52d8
1780162509	1126275	1229	698405840908
1780162431	1126279	1229	0b89e9fea15e
1780161887	1126279	1229	6e20b945bd7b
1780160538	1126279	1229	a770360ade6a
1780160513	1126289	1229	fb814bf4a6a3
1780160444	1126297	1229	f2932826e124
1780160389	1126297	1229	acfacfabc962
1780160345	1126297	1229	3b5b3edf4a82
1780160217	1126297	1229	5c08fa1203b7
1780160183	1126317	1229	f87c7a95b49a
1780159841	1126338	1229	aba6198fdb10
1780159818	1126338	1229	2af6e2051a91
1780159798	1126337	1229	5c3bb17b2262
1780158739	1126335	1228	cefa726d7e39
1780158721	1126335	1228	75084ac69b82
1780158683	1126321	1228	eb18fcb77317
1780155361	1126320	1228	24fdb11c8237
1780155342	1126319	1228	b58f90ee436d
1780155280	1126317	1227	f195cf94392e
1780155260	1126316	1227	a1e3910d4c4c
1780155255	1126314	1226	1fc04e6d5eb1
1780155233	1126313	1226	a099c1598fe5
1780155205	1126311	1225	6b0e6da61013
1780155184	1126310	1225	d46d8cc991de
1780155147	1126308	1224	e78cf803f7bf
1780155126	1126307	1224	020bb6631f15
1780155091	1126305	1223	c7b856556d71
1780155072	1126304	1223	726debc4e0cc
1780155045	1126302	1222	110c57f226c4
1780155024	1126301	1222	d4df310da4f6
1780154431	1126299	1221	12b3b4dcd492
1780154413	1126299	1221	7598f33f0b37
1780154385	1126285	1221	48c64d15243d
1780154365	1126284	1221	b0c0b1a0afb6
1780154307	1126056	1220	c6180a5cdfc2
1780153916	1126055	1220	19af3d15efea
1780149818	1126034	1220	6d901ca15cf1
1780149797	1126034	1220	30a6ca11ba20
1780149640	1126021	1220	abe7c46f8b52
1780142903	1126020	1220	307e74a9adff
1780142885	1126019	1220	5199ab47e3f5
1780142867	1126025	1220	d1023078eb84
1780142577	1126029	1220	aec464647941
1780141787	1126028	1220	d365f9a7db5d
1780141621	1126144	1220	e9ab4d13166d
1780141597	1126143	1220	2d2214a0f2e1
1780141435	1126080	1219	6dfc4e4ec1ad
1780141414	1126079	1219	e3afb0c35a77
1780141413	1126036	1218	c0a14a5464e5
1780141394	1126035	1218	f704e4737a14
1780140834	1125990	1217	7803b6f0651a
1780140814	1125989	1217	6f8c14db7995
1780140757	1125948	1216	fa0a385b706b
1780140730	1125946	1216	cd20e9c91383
1780140715	1125915	1215	aa52f46ea3bb
1780140213	1125876	1214	daa1c68e3c41
1780140189	1125875	1214	1c7cc988495a
1780140014	1125842	1213	937bbe505853
1780139995	1125841	1213	40ec5aadf75d
1780139172	1125810	1212	e9654b583c6e
1780138738	1125756	1212	fe67fe9150cc
1780138718	1125756	1212	16e99b44ff3d
1780138436	1125742	1212	3cf110a2eb05
1780138420	1125741	1212	fc31749f4b37
1780138370	1125739	1212	20161d5d885d
1780138013	1125699	1212	a292d6b25526
1780137949	1125659	1212	4057423e35e4
1780137755	1125605	1212	4b6633124110
1780137694	1125617	1212	aa23d013034b
1780137385	1125579	1212	787a67a37756
1780137365	1125577	1212	cf337fcfc210
1780137074	1125401	1210	46e540d94a5d
1780137054	1125397	1210	ae3d052052b2
1780137025	1125235	1209	a1eec2685330
1780136564	1125224	1208	b280a0bf002e
1780136540	1125223	1208	d2cb09ad2a6a
1780136321	1125219	1208	5180a5b81d24
1780136193	1125214	1208	a6ef3d673848
1780136174	1125213	1208	16b562369cf1
1780136164	1125213	1208	3f4f49e6bf9e
1780136141	1125212	1208	bdb596f37957
1780135027	1125208	1207	8ab1dd621bfb
1780135026	1125194	1207	6f081ee4cb75
1780135004	1125193	1207	bb325e2dd084
1780134906	1125171	1206	f0683a57862a
1780134748	1125120	1205	b40d77d7ed95
1780134727	1125119	1205	9f874c230c65
1780133727	1124885	1204	8fc73b54f1cf
1780133708	1124882	1204	95e4b18540ee
1780133707	1124883	1204	5a3c4eee00e6
1780133692	1124883	1204	d0d43b631e87
1780133659	1124883	1204	c5c2be8eee90
1780133447	1124866	1204	6fb750d9ddb9
1780133270	1124863	1204	997bd856068d
1780133252	1124857	1204	17440e6bcf0d
1780130110	1124838	1204	83bf24814ea9
1780129974	1124838	1204	75c6a1dabedd
1780129625	1124836	1204	da15d5858b60
1780129609	1124787	1203	e33c03c4df14
1780129592	1124740	1202	1e3ad52620e6
1780129424	1124731	1201	d8763e1884b4
1780128132	1124689	1200	d4c7318523a0
1780126580	1124687	1200	304b93477be9
1780125690	1124591	1200	4e82e3b7cf36
1780125672	1124591	1200	94d3d1032311
1780115341	1124577	1200	5c72763e7d8f
1780114402	1124576	1200	941bda33306b
1780114383	1124572	1200	7a3cbba34a9b
1780103516	1124554	1200	b582c02a767e
1780103472	1124537	1200	b46cd732cf09
1780103436	1124530	1200	db858d0ec6f9
1780103414	1124522	1200	20923a57bf3d
1780103380	1124522	1200	b3d75af82d5e
1780103338	1124461	1200	ea5b018ebb13
1780103204	1124436	1200	aae4b6452f94
1780099543	1124420	1200	e9c8beaa807b
1780099524	1124417	1200	98a375df3705
1780099340	1124416	1200	f1e136af5d9e
1780099321	1124420	1200	2c1ad091088a
1780099270	1124410	1200	33ebcd89728f
1780099116	1091458	1197	a75957b68b68
1780098958	1091443	1197	c2641b0118d7
1780098315	1091385	1196	965aceb4d4fc
1780098298	1091384	1196	beef6d2fabee
1780098138	1091372	1195	10dcd5037685
1780098121	1091371	1195	40e26b0a1299
1780097965	1091220	1194	76f9250fdef3
1780097949	1091216	1194	ec1a71e3ac63
1780097599	1091151	1193	13033ddbf216
1780096844	1091137	1192	9e634d3ba9e2
1780096764	1091128	1191	288573c9c925
1780096726	1091111	1190	df1a52c09a13
1780096710	1091106	1190	8aea8e106bfc
1780096691	1091100	1189	37f58c111fea
1780096119	1091093	1188	453b6f73227c
1780096102	1091091	1188	01ea743fc0bf
1780095594	1091075	1187	68996e52ab5e
1780095576	1091072	1187	01f6f1d0f488
1780095434	1091059	1186	0408e2f70408
1780095417	1091056	1186	c00c45ab1d67
1780095346	1091051	1185	8576c5bf41ea
1780095326	1091049	1185	28f14ac20b05
1780095180	1091045	1184	3b2d22493023
1780095164	1091041	1184	98d088677608
1780095153	1091037	1183	5bd0d3cce433
1780095139	1091033	1182	8ffd6277d66c
1780095119	1091033	1182	ee81d1509651
1780095070	1091019	1182	3756ac77c5bf
1780095053	1091017	1182	4203360a5a61
1780094892	1091009	1181	2fa7d53cb818
1780094874	1091001	1181	21e4bec8ac06
1780094068	1090995	1180	d19ebc2da5e8
1780094050	1090994	1179	c6743f232595
1780093441	1090955	1178	c0fa99abe465
1780092119	1090879	1177	1c543664b2eb
1780090047	1090874	1177	06b10bdac8dc
1780090028	1090874	1177	912549c5087a
1780083473	1090861	1177	7efd67e8edc5
1780083455	1090861	1177	648ecd787e59
1780082604	1090860	1177	0c27e63cd62f
1780082585	1090859	1177	91dae10c39ee
1780074020	1090859	1177	b547006686c6
1780073998	1090859	1177	1cdd0df7a31d
1780064782	1057958	1176	77b5282be2ce
1780064447	1057958	1176	a800b041fe82
1780064206	1057956	1176	8b29f2888257
1780064116	1057949	1176	1fc7e2c59dbd
1780064114	1057947	1176	b8007fe87218
1780064089	1057946	1176	2ec60487b6f0
1780063321	1057828	1175	2ce1d4f5d2e5
1780062993	1057822	1175	88052e950111
1780062500	1057818	1175	eea7e50cf58c
1780061650	1057770	1175	8c400f0bb570
1780061628	1057776	1175	d3f9bdb5b11c
1780060479	1057763	1175	cec0c84c6b78
1780060219	1057782	1175	3b2d046d4151
1780060200	1057777	1175	634e2b74b3a1
1780049484	1057806	1175	d13c2d0786d4
1780049467	1057800	1175	53e0f2c79613
1780049401	1057799	1175	622f0966d89c
1780049136	1057786	1175	b5a77a19ce6e
1780045432	1057786	1175	eb19582c395c
1780043938	1057758	1175	b94f48616295
1780034401	1057662	1175	0d1c4fd113b1
1780034381	1057662	1175	7aa90aea946d
1780029966	1057648	1175	4e42c911f842
1780019352	1057589	1170	16bbf3c46820
1780019333	1057585	1170	35fe545075cd
1780012019	1057571	1170	e1981c676cf1
1780012000	1057575	1170	d97d96001a1b
1780006919	1057561	1170	01829158d99b
1780006901	1057561	1170	74d440d70b6e
1780001798	1057548	1170	df3b46044dd6
1780001773	1057547	1170	2108772ef64b
1780001717	1057518	1169	bd053d9dacb3
1780001695	1057516	1169	fe199e03c372
1780000781	1057494	1168	fff867391615
1780000760	1020949	1167	f4c16e6ac525
1779997176	1020948	1167	703701d14b64
1779997167	1020899	1166	cc997c8f75f1
1779997143	1020898	1166	fef3e174d1be
1779992079	1020758	1165	10fdb3cc0055
1779980247	1020744	1165	a3d3b1e53381
1779968955	1020730	1165	b4096754f743
1779963378	1020716	1165	a09a9127f9f4
1779963132	1020716	1165	380d261aa9ad
1779958683	1020714	1165	95381acfdbc4
1779957620	1020712	1165	f01eebadf224
1779957562	931996	1165	76baf0a4f654
1779956145	931900	1165	053ef9cf2a75
1779956123	931890	1165	a2de584c9d5d
1779955968	931873	1165	dd6b57c78f2b
1779955949	931872	1165	b273b5e33845
1779955379	931524	1164	e27a3d2e3f36
1779955241	931510	1164	56da1c2e564f
1779955160	931433	1163	01bdfd0b2153
1779955143	931432	1163	002d81d51ae5
1779954627	931079	1162	b568d06481e0
1779954606	931078	1162	01848705cdec
1779954584	930969	1161	f6e2afef79a6
1779954536	930954	1161	1a6cd145be3d
1779954266	930952	1161	8c2b9f2e9d9e
1779954235	930950	1161	18ec3b22cbee
1779954218	930948	1161	f0b2cc0ed876
1779953267	930951	1161	8f2dde81d2d1
1779947113	930895	1160	a7e71b4170a2
1779947044	930881	1160	0bbf5f461d47
1779946923	930881	1160	a9c315d4bdfa
1779942308	930880	1160	b61833c9399e
1779934734	930880	1160	b0ffcbeab240
1779934713	930876	1160	4d7781f59d1b
1779934399	930637	1159	85803577690b
1779933701	930552	1158	017cedcf98a7
1779933644	930543	1157	edf1d3e9d9b2
1779933298	930542	1156	2a4a9da6ee87
1779933281	930539	1156	0d078445ca31
1779933222	930495	1156	d21c9db90d5c
1779933126	930434	1155	53724bd130be
1779933110	930433	1155	e6eab2d4c269
1779933108	930361	1154	bbf17b6b9fe4
1779933092	930357	1154	1e24ab4aa53c
1779932410	930255	1154	34c6f1435479
1779932394	930235	1153	587dc8cdf569
1779932376	930230	1153	3159de6eb8d6
1779932354	930223	1153	3a7ada4bb9b5
1779932344	930211	1152	2e0a258328b8
1779932331	930210	1151	f9a379ea9d32
1779932249	930111	1150	d5cd65d02093
1779931967	930255	1150	2c42c9b42b84
1779931871	930168	1149	244a44d692bf
1779931853	930167	1149	ddc71385cc28
1779931660	929753	1148	d4577b5b0938
1779931616	929753	1148	de19de777408
1779931506	929739	1148	d7e7eee29822
1779931070	929726	1148	ee9ed931021d
1779930853	929730	1148	86dd50603a34
1779930377	929726	1148	7d89d34c4f29
1779929190	929722	1148	148bae9080f2
1779928845	929721	1148	af1854bd6087
1779928716	929753	1148	c7d365dddf32
1779928337	929753	1148	4041abdd2d7d
1779928327	929749	1148	8fbc88aa84ba
1779928310	929748	1148	d65ecf607717
1779927867	929650	1147	6f4fdb5a1e84
1779927849	929648	1147	a983c9fbb7d2
1779927650	929604	1145	33d173c4cac2
1779927633	929600	1145	df50452bb154
1779927610	929599	1145	02b44f8c07f7
1779927357	929549	1144	7f3ec728bc71
1779927244	929545	1144	4cf0e19257bc
1779927228	929544	1144	6332d008d6c9
1779926582	929445	1143	08537d1bc108
1779925805	929445	1143	1dca90f6fb9d
1779925768	929445	1143	0a48b0f7f95d
1779925729	929431	1143	1c7cd65a692b
1779925709	929430	1143	7aa2f432e555
1779925515	929426	1142	8df73a4f4052
1779925218	929422	1142	98c6c3f825d3
1779925217	929421	1142	4b9f3e1fc180
1779925197	929420	1142	dd93ad643860
1779923344	929353	1141	733316e101b4
1779923324	929353	1141	86b928f23d39
1779922629	929343	1141	83fd2a13e717
1779922152	929343	1141	7bdab2b77bc2
1779922102	929344	1141	7034a68db135
1779921991	929331	1141	533b279b3699
1779921973	929330	1141	6b3b3e069672
1779921579	929322	1140	7df4278d5d5c
1779921382	929273	1139	7edeb46c4417
1779921007	929259	1139	54f2324c4fa3
1779920991	929258	1139	5ffcfac5e897
1779920325	929164	1138	592572516a45
1779919247	929150	1138	cfacd4550536
1779919230	929149	1138	087c647e2391
1779919030	929149	1137	74e7492c4626
1779918894	929100	1136	3cc7c498fcac
1779918876	929099	1136	2f7acc18c18a
1779917784	928983	1135	82080094c5c2
1779917289	928979	1135	49046c23318e
1779917275	928975	1135	1f48dfc8c45b
1779917198	928927	1135	63899679c1d4
1779916588	928928	1135	9721cefd12a7
1779916569	928927	1135	93592630e274
1779916555	928909	1134	c93be1dd7a5c
1779916431	928891	1134	ada96704da21
1779916355	928890	1134	cbb52d92fd1b
1779916336	928888	1134	050c2daca976
1779916217	928834	1133	3ef6e63ffe6a
1779916196	928785	1132	1f00e7f4685c
1779916101	928632	1131	c02850012997
1779916069	928632	1131	b85df31059a8
1779913797	928632	1131	66b99a470161
1779913661	928618	1131	d287a3aa9f5d
1779913638	928594	1131	b0082a05712e
1779913622	920748	1108	53822bf8cd97
1779910663	920742	1108	ccc8e1013dd1
1779910072	920741	1108	32a9e1965615
1779909018	920740	1108	8bcb74902e2c
1779908985	920739	1108	4cd7b67df23e
1779908919	920738	1108	434a21335e6e
1779905560	920677	1108	5b05db12be06
1779902857	920663	1108	fbcdb1779194
1779900791	920663	1108	d6b5542b7377
1779896129	920649	1108	4ce13f0da010
1779890421	920635	1108	70d3c8da5a88
1779890289	920635	1108	1f75f5148497
1779890276	920596	1107	30dc535968d5
1779890255	920595	1107	482985f0496d
1779889725	920472	1106	49b7da533518
1779889694	920472	1106	c14dcdd7258a
1779889129	920458	1106	79d6205e2ee9
1779888430	920458	1106	666feed3087f
1779882986	920459	1106	3402111a4b6b
1779877859	920445	1106	10dcb21222d1
1779876894	920445	1106	1a1036eabf9c
1779876822	920445	1106	b0797cc7fe3e
1779876434	920431	1106	19dfdd426717
1779876154	920431	1106	0ce5d4c4720d
1779872394	920431	1106	f73d27aea2b8
1779870910	831756	1106	9fa0e4a80a9f
1779870794	831660	1106	d4dd8b31d978
1779869224	831646	1106	92003f485c28
1779869056	831639	1106	9e5f46d837ff
1779868269	831669	1106	6511b041dbda
1779868216	831664	1106	b47c5d8161d3
1779866962	831662	1106	05c4efd8ddce
1779866833	831673	1106	3030aa1e3217
1779866283	831676	1106	b3f75b0a3a1e
1779862328	831636	1106	78937d7d4381
1779861878	831636	1106	8a4837bbea29
1779861844	831636	1106	10bde88e30b3
1779857527	831622	1106	35cddc182a16
1779847138	831608	1106	2f16c74401f3
1779846969	831607	1106	3f49fc71216d
1779846761	831603	1106	e3a810fc3244
1779846739	831604	1106	44740721dcd4
1779846037	831590	1106	0d730f557454
1779843709	831584	1106	22b3bc78481c
1779843460	831571	1106	6c70b426df8a
1779840960	831557	1106	278c243ac3d0
1779839138	831543	1106	71e26fd03293
1779839123	831544	1106	4d2056ac18e1
1779838874	831531	1106	8111ee7f7944
1779836408	831530	1106	58967ae4cad0
1779835245	831516	1106	cbbda2210bf9
1779835201	831515	1106	9b35163c13b0
1779834379	831514	1106	b4210535dc6e
1779832328	831514	1106	23d853af35e7
1779830884	831437	1105	015f2a9a10eb
1779830186	831429	1105	3b21cc5a74a0
1779830150	831430	1105	98aaa5a92da7
1779829134	831417	1105	f7a7e725648b
1779824255	831417	1105	69345b862a62
1779824215	831416	1105	83faa8012ccf
1779822169	831416	1105	bdd7eb9167d4
1779821323	831416	1105	606adc118016
1779820124	831393	1105	49bb38feec16
1779818840	831307	1105	13738b8ab76f
1779818398	831308	1105	f89aec1cbe4a
1779817262	831305	1105	0ffdeb2d70f1
1779815540	831304	1105	a375e769d7b8
1779815318	831294	1105	736598a8541d
1779815285	831293	1105	987c841a3103
1779814813	831292	1105	e90aa8a62d5f
1779814627	832158	1105	f384fdd5ce2e
1779814502	832153	1105	249f0e55ae44
1779814436	832255	1105	b0a64d34796b
1779814415	832253	1105	15b7fdd01682
1779814108	832245	1105	fc5be5263c74
1779812950	832184	1104	cbc1feea91fe
1779812356	832184	1104	54addc94c541
1779812331	832183	1104	da529b551f2b
1779809383	832031	1103	0aec91d066c8
1779808904	832019	1103	238fdbea9c26
1779808881	832008	1103	1ff1c13f34e4
1779808574	831977	1096	a6484a0a7c2a
1779805590	831620	1094	1339f401f269
1779798688	831606	1094	5e21e216569a
1779795505	831606	1094	a248e10fea94
1779795479	831533	1093	068d85114b41
1779793686	831421	1092	3b09b3a22cc9
1779793247	831445	1093	158df9615cb8
1779793157	831526	1094	e709023e4e16
1779793085	831502	1093	d6234d819fa7
1779792940	831495	1093	43017093794c
1779792921	831569	1094	c303b5d01997
1779792808	831495	1093	5af13a1fccf3
1779792670	831475	1093	12ddc19a957b
1779792593	831421	1092	e6004fc2f5f5
1779790647	831369	1091	488c91ae5e5b
1779790645	831347	1090	c8515b3ecba7
1779790628	831313	1090	c89dbad7f96b
1779790169	831032	1089	b948e4e6cc61
1779790166	648739	1078	99906b3fbb8d
1779789877	639351	1057	5f13ee1bb2a3
1779789820	639351	1057	585c1784c5a8
1779789233	639351	1057	e3b755da3786
1779788658	639365	1057	dc616e8e38f2
1779785617	639365	1057	f02f1197b9bb
1779785553	639366	1057	c75f206d3b7b
1779784374	639353	1057	9ed3939b0ef5
1779784339	639329	1056	20da79302641
1779784318	639328	1056	a3b4f49dbf12
1779783842	639195	1055	c8b6327c79ee
1779782790	639204	1055	d7567142eeb0
1779782654	639021	1055	f2ff64644fd8
1779782080	639007	1055	9630db372bf9
1779782005	638984	1054	f8828be60087
1779781983	638983	1054	e24084859bcd
1779781044	638904	1053	8cb74749871d
1779780546	638902	1053	ec8a3a006310
1779780528	638901	1053	f8bb3872ee17
1779774838	638863	1052	6e87a835a373
1779774079	638863	1052	e4409f2e8322
1779773986	638862	1052	eb277de190d3
1779762913	638861	1052	28ba9671fbf6
1779762910	638855	1052	97fcc542032b
1779762646	621288	1052	940023b36cc7
1779762389	603768	1052	14c2ac88c96f
1779762131	586251	1052	b815cbcfaebd
1779761873	568736	1052	4e25c4942ee8
1779761615	551168	1052	cafc0963c31a
1779761360	533649	1052	c999f5381f03
1779761106	516133	1052	7d6cb4baf0c0
1779760852	498619	1052	5caf1406e9ee
1779760596	481051	1052	88e7eaf791f2
1779760347	463531	1052	6802dac6a283
1779760245	458013	1052	f5af612dc2d1
1779760107	458006	1052	f3560f30c77f
1779760076	458014	1052	0c802b0d1740
1779759929	458014	1052	5cf0077c43de
1779759317	458014	1052	83bba1427185
1779759208	457987	1052	47a33030a458
1779759110	457879	1051	2f0cc1b77044
1779759097	457878	1051	7160f6cf08bf
1779759057	457718	1050	58529c7e6d19
1779759037	457718	1050	e7fae848d1c2
1779758007	457704	1050	c672b4fc301f
1779757894	457939	1050	539d3dd15a17
1779757839	457918	1049	619ef7da89d9
1779757818	457916	1049	d2d26a91e237
1779757222	457843	1048	477b8ffa057b
1779757083	457795	1047	1ee8a982f797
1779756962	457745	1047	f74a104a88ec
1779756815	457658	1047	7f4f3bd65a95
1779756772	457637	1046	9e58786bc4ba
1779756759	457634	1046	a54e9ab23663
1779755578	457579	1045	dc7f10dd889e
1779755258	457537	1045	4325b77e5e07
1779755258	457525	1045	4ab2123acf11
1779754969	457516	1045	ed9b8fe3a0dc
1779754956	457430	1044	87914809fa2a
1779754880	457403	1043	d8e547ba0034
1779754869	457383	1042	0dc5048cbc39
1779754702	457303	1041	a2b7882da669
1779754594	457283	1040	49e2ba109580
1779754578	457282	1040	6b4303b99be7
1779754379	457254	1039	f88043d671b3
1779754365	457255	1039	4daaac20587e
1779753972	457256	1040	cea4c03e5dc1
1779753959	457254	1040	f1f6284e06c4
1779753491	457253	1039	0fdbf8da88af
1779752939	457083	1039	1b5639e58ea9
1779752789	457083	1039	19f6b621a2b8
1779752741	457083	1039	9461beb58946
1779752683	457069	1039	dc8b1f27121b
1779752486	457029	1038	6f0fb577af38
1779752478	457009	1037	e0a21dfca49b
1779752464	457008	1037	07cc7bae3cb3
1779751535	456951	1036	f24eb0b56c51
1779751421	456839	1036	f5feb7b059c1
1779751386	456815	1035	fa353b80fd75
1779751372	456814	1035	9ae442232b9a
1779749788	456186	1034	cf5c4270fe7b
1779749270	456049	1034	cf30032f60d2
1779749161	455975	1034	82c863ab1719
1779749084	455975	1034	0ae3c17405c3
1779749081	455961	1034	00961573b207
1779749066	455961	1034	94465d23d0de
1779749053	455905	1033	8808f58737bc
1779748771	455676	1033	60c124116ffb
1779745825	455677	1033	73912878e693
1779745751	455678	1033	2a872eb48030
1779745472	455665	1033	3b2ced45f072
1779742347	455665	1033	154183b7c222
1779741698	455620	1033	6eb50d48938d
1779741681	455560	1033	c7b49527e3ce
1779741656	455560	1033	534fd13a684c
1779741362	455560	1033	86a92aec5996
1779740786	455505	1033	fb61002fb96d
1779740692	455505	1033	dbe1372b9ab5
1779740623	455505	1033	4f7dc6eae1ab
1779740610	455502	1033	31bd40acdc1d
1779740265	455486	1033	7eb09dfed9ac
1779740047	454045	1032	b6dc552fb972
1779739979	453995	1031	b04b2794606c
1779739964	453994	1031	d8d5b1a1c54e
1779736187	453868	1030	095278bb267a
1779736122	453867	1030	792818ef20c5
1779735475	453866	1030	b04715edba77
1779734435	453866	1030	9d9d3a455a27
1779734337	453829	1030	684923e2817e
1779734228	453833	1030	abfae6197010
1779733885	453936	1031	6b3a2cbfd990
1779733866	453980	1031	3ba92d4f9f88
1779733852	453979	1031	b36b78ea0cb9
1779733165	453911	1030	5819ac288a46
1779732499	453819	1029	699cab31db5b
1779732144	453815	1029	c6ee79d9d74d
1779732119	453762	1029	b1edb74a3b46
1779732104	453758	1029	6286cd96c404
1779731658	453651	1028	cfe9af1f1220
1779731598	453639	1027	19ed668fcafe
1779731519	453640	1027	1a6ff06c0e40
1779731492	453640	1027	c18f08b8949d
1779729798	453622	1025	f28fea23514c
1779729636	453623	1025	513bb0e0fdfd
1779729519	453577	1024	e27291bad790
1779728704	453533	1023	1f92c57374de
1779728139	453529	1023	0297e0d9961b
1779725437	453425	1023	cf325865a375
1779725335	453424	1023	df4286daef72
1779724033	453424	1023	a5c0154fac69
1779723825	453329	1023	df8b5d22f5be
1779723809	453328	1023	505c19205c7f
1779723666	453318	1022	c47ce88d19ab
1779723606	453277	1021	a45eed455e93
1779723461	453277	1021	7501b5285e00
1779717099	453279	1021	0432046ce5d5
1779717084	453278	1021	cc5494e4a0df
1779716909	453234	1020	99f7385f65e1
1779716192	453234	1020	b58f9aaf9fb7
1779716178	453218	1020	96d0f7513dfc
1779716061	444972	1004	a038305681e9
1779715825	444940	1003	f2fe0af444c3
1779715805	444937	1003	4e2bd403b099
1779712600	444812	1002	4a62719ef79c
1779710231	444811	1002	e54cde349fec
1779709332	444667	1002	1779a4c7030a
1779708988	444489	1001	1804e2196c4d
1779707673	444338	1000	0a00fa75abfd
1779706024	444338	1000	f39bc4244108
1779705782	444297	999	549bbe22cbcc
1779704891	444297	999	43ad741cb8e5
1779704876	444295	999	ba9d542083b1
1779704312	444054	998	342fed623e51
1779700357	444054	998	21a576bf8908
1779699409	444054	998	541782a035c0
1779699224	444053	998	7d857add9706
1779698410	443870	997	fb8ec181ae82
1779689123	443854	997	20711d654faa
1779672905	443854	997	3ff89d347c4d
1779670180	443854	997	eb7670f710f9
1779669405	443854	997	32d8a4fe8d6a
1779669391	443840	997	cbe157a8658b
1779667749	438924	987	cf56f96342a8
1779667536	436626	984	6789aa25b530
1779667525	436584	983	02114e28cd47
1779667135	436427	982	62c906852073
1779667119	436381	981	5c4aac8dbfff
1779666841	436266	980	f68282514d9f
1779666727	436266	980	fe42cf0ef2fa
1779666711	436265	980	e661a7e71a2a
1779666246	436243	980	9ead4a473520
1779666125	436239	979	8b77906fbdc9
1779666111	436236	979	ba2c94258189
1779666015	436197	979	e3b309b34fe1
1779665852	436124	979	a9c50fc61b41
1779665606	436124	979	3001ad5b9970
1779665594	436118	979	fe6f4698ed54
1779665188	435990	978	fa68d8b0392a
1779665145	435966	977	96f28d13d25b
1779665130	435964	977	4f95c5d6e694
1779664758	435963	976	8376c543d193
1779664345	435925	975	f69bf04408d6
1779664333	435884	974	3de63afb20be
1779663012	435839	973	2707556b8028
1779662687	435838	973	8e722ca044d1
1779662671	435833	973	0655af785017
1779662481	435829	973	466f35912172
1779662092	435500	972	ad778769ad53
1779661398	435500	972	5e8e7219a1a0
1779661384	435460	971	9c63db9b24db
1779660269	435436	970	d59e1b45a855
1779659986	433225	969	f5cdda45e467
1779659970	433194	968	859b302b469c
1779659950	433143	967	8e5cb9a5e2ff
1779659933	433142	967	4ef6e87a3643
1779658517	432996	966	1a3a4dc85d4f
1779657394	432996	966	931fd0bcf27d
1779656703	432996	966	7e7b68d7826e
1779656047	433031	966	b5d1ac22c554
1779655308	433031	966	d97ceafa5892
1779655135	433010	966	9b08ad7b09d5
1779652281	433010	966	89cc1b6db249
1779650346	433010	966	356ca261cf54
1779649456	433021	966	8305d67015c9
1779647211	433021	966	739736311242
1779647029	433011	966	80fe0a0c36bf
1779646846	432969	966	07ae02564ba5
1779646138	432943	966	c2d4d366473a
1779646013	432878	966	bb4947bccc9c
1779645314	432835	965	02b3acc58b14
1779645144	432835	965	c0cd7c7a8d68
1779645129	432834	965	e3bd5744575e
1779644447	432714	964	aed09559d3d9
1779641762	432714	964	4c0f5845910b
1779641019	432714	964	9ddbd26e5c5c
1779640812	432714	964	8559526d9cda
1779640620	432712	964	a0de88e85029
1779638178	432685	964	1ab2a5bdc121
1779637602	432685	964	4b6c94538c9f
1779637040	432685	964	789275e95a6c
1779634029	432691	964	b1dbd32a5bef
1779633708	432691	964	57c8aaea1957
1779627897	432691	964	239a33a02106
1779627803	432691	964	aa9d9a1aff42
1779623819	432691	964	247646a4b6a1
1779623233	432691	964	fda051f345d8
1779620124	432691	964	7bebb7260482
1779617780	432691	964	25847bf97a54
1779615021	432691	964	827364993025
1779611707	432691	964	1ca2bb7122ae
1779610716	432691	964	51909e92cd56
1779610441	432691	964	1c1d38a9867b
1779608324	428788	964	a4a579610c8d
1779600949	428788	964	750496db827a
1779597392	428788	964	ed69fc2db49d
1779586107	428788	964	5fcda270d0e0
1779582589	428788	964	2b458da1f09f
1779582556	428788	964	9930346e1b5c
1779582343	428788	964	fd842072b895
1779582319	428732	963	76a9631c362f
1779581692	428736	963	b8bf9baea5dd
1779581410	428691	963	4c655a3fabaa
1779580673	428691	963	ac427e038e1a
1779578820	428654	963	fe2cbc3f478f
1779577886	428654	963	649a6559aa8e
1779574464	428654	963	b24f710be529
1779574375	428654	963	a57c45db292f
1779573628	428654	963	4a391ed6c111
1779572855	428654	963	57400858ee9b
1779571719	428584	963	77ddeb907f38
1779570760	428584	963	89d6c1ec0a21
1779569860	428584	963	821340d2d459
1779569845	428582	963	9bdebfff6216
1779568346	428581	963	0d99d750fef3
1779567248	428581	963	f16b724bae7c
1779566846	428581	963	e3d08564f37f
1779566494	428581	963	5e2b9fa59f3c
1779565886	428507	963	5592414401a5
1779565584	428463	961	220bf64a03e7
1779565542	428463	961	a0dafaaf5bac
1779565526	428458	961	97b9901fb1b0
1779565512	428457	961	dc099b00969f
1779563585	428321	960	18b8ac85a0a5
1779562869	428322	960	ce2b17b91612
1779562748	428322	960	744955106c45
1779562446	428322	960	43d2b969115e
1779561458	428307	960	a8d256b25c77
1779560188	428307	960	3a47eb83de5d
1779558937	428234	960	dec66d56d1d9
1779558491	428234	960	e07c8703989c
1779558476	428232	960	dd61b498fe47
1779557782	428172	960	fc0aa8a3c26c
1779555160	428172	960	17a88c6fe641
1779555026	428172	960	6fa5e9ffff2b
1779554040	428172	960	3eb5ea730ae4
1779552494	428172	960	99004043574e
1779552181	428095	958	ecf27683d8e5
1779549708	428085	958	2008caf0cb3a
1779547059	428085	958	120cd9380ed1
1779547043	428083	958	066bb60abf91
1779546554	428524	958	764d211acebc
1779546237	428457	957	cd7bad03c08e
1779546074	428377	956	5038c096d77d
1779545931	428283	955	6a145285c756
1779545914	428282	955	1805726cd354
1779545833	428196	954	7470613b4d74
1779545812	428194	954	4e84868f9098
1779545163	427995	953	3f198236071e
1779544899	427940	952	052c01c7e34e
1779544884	427938	952	7c5f68524107
1779543862	427868	951	90d46df6e1da
1779524708	427863	950	7cf23a4e698c
1779512188	427863	950	8fef7d2a93cc
1779512172	427862	950	6d2596d93bf3
1779512139	427804	949	fe346747de28
1779512124	427800	949	38eadfdbb43f
1779511106	427613	948	05f967864502
1779511032	415399	945	fd75f4f4187d
1779511010	415347	944	91174d62c853
1779510996	415346	944	22e6b7feda25
1779510393	415294	943	a3f56f46fb16
1779510376	415293	943	e981d5a1b83f
1779510173	415064	942	30384fff9f57
1779509461	415028	941	759bee881162
1779509448	415015	941	94a2ed194df4
1779509211	409351	928	0f1bdda8924f
1779509199	409284	927	2fe0911ae897
1779509185	409283	927	3b015742aa05
1779509175	409209	926	83eb7d3f8a68
1779509159	409206	926	76c385907c42
1779508860	408736	925	3346738654f0
1779508673	407912	923	0a99b368160c
1779508660	407911	923	f90d9e53965e
1779508281	407621	922	d20e1a5c6e8a
1779508275	407566	921	abea8ceb0fcf
1779508261	407565	921	cc826cc5479a
1779508255	407513	920	0a6b0f2bc63c
1779508241	407512	920	6800a55f3fd4
1779507421	407146	919	5d46a1b0b422
1779506647	407140	919	0013a774e3d4
1779506633	407134	919	2b7fdc046ba7
1779506543	407203	914	7e4e009d6f92
1779506352	407199	914	73d53bda4d7a
1779506207	407140	913	7ac73e246864
1779506191	407139	913	c38d0edb5868
1779506181	407070	912	b0970a87a453
1779506166	407069	912	23a5eb449ac0
1779504972	406436	911	551cbb2c0e9d
1779504953	406430	911	ad4fc19e31f2
1779503647	406109	906	50a6a43bb5df
1779502724	406056	905	78175d9b5f8b
1779502707	406055	905	13a1d679aafc
1779502561	406025	904	66dca16ccf59
1779502539	406024	904	07f8c0345527
1779502045	405765	903	0375df0c9769
1779502032	405707	902	312be456146e
1779502018	405706	902	c877c9e2d248
1779501587	405656	901	c1dde6e07637
1779501572	405655	901	b7f7402c479a
1779501069	405202	900	36816d49adc3
1779501053	405184	900	108c4189e23e
1779500726	399462	884	8e04eab52975
1779499819	399395	883	5296d842cb9f
1779499800	399394	883	318b033db14d
1779499788	399349	882	fa15ebf72fa2
1779499774	399347	882	cf9273a92ef4
1779464454	399080	881	22db303857d9
1779464400	398957	880	80c49e36ea58
1779464328	399006	880	d9f0d8ea0c4d
1779451766	398945	880	3627e95fa9ec
1779450701	398945	880	d7b0d5d01dd9
1779450684	398944	880	a4d49df14ba7
1779449918	398822	879	82c0d4988ed8
1779449903	398817	879	7b547768ae5d
1779449282	398812	879	be5070e4eb49
1779442613	398767	878	0b985841282b
1779409217	398767	878	20a0ff7f7b03
1779408953	398579	878	b9589f94673f
1779394085	398293	877	14379fa93ab8
1779393916	398063	875	a559652dce11
1779393798	398008	874	68192958cb49
1779393774	398007	874	ffb7e8cd0457
1779393464	397553	873	44d1cf9f0c7a
1779393438	397498	872	408c6313ed84
1779393424	397497	872	21cf4619415e
1779393121	397085	871	e03eced0393c
1779393098	397083	871	01d6012ee147
1779392443	396617	869	8e121d1c634e
1779391348	396563	868	36090bbb728f
1779391331	396562	868	261498aa5a1b
1779390945	395991	867	9571838da959
1779390929	395989	867	52a8fd38ae78
1779390340	395608	865	a8b136b0cc85
1779390249	395553	864	a550a9c988c1
1779390232	395551	864	a194b76851c9
1779357071	395054	863	eeced6448d16
1779320642	395054	863	c77b5829592c
1779320456	394958	862	ed767a50e998
1779320372	394910	861	66331939d30d
1779320353	394909	861	cffdce3d5b8d
1779314180	394758	860	5040330bc26a
1779314137	394710	859	d7388026d6b2
1779314123	394709	859	7f9d5582d7d9
1779311565	394560	858	c354f93a5916
1779311554	394512	857	025acc25a8ee
1779311534	394511	857	30925d435dd7
1779310529	394370	856	d3ea5e7e3837
1779310513	394322	855	c658d96b0a12
1779310491	394321	855	f19d815dd88a
1779309808	394227	854	903bd400284b
1779309791	394225	854	1540acef1e30
1779309574	393903	852	a5bcef411535
1779309557	393847	851	462682367b41
1779309541	393846	851	abd662f18f66
1779308439	393392	850	78a853200d8d
1779308417	393391	850	3dd931b07298
1779308292	393324	849	d2c076b4e96e
1779295477	393276	848	b9fab290cfef
1779295429	393275	848	b76ab1194b15
1779279727	393100	847	8284f23c5657
1779270169	393390	847	71b8ceadcf39
1779269262	393390	847	e1915930e3f6
1779269247	393389	847	74c07a0db770
1779235789	393099	847	e32728b87692
1779235643	393099	846	16fcc98a5cab
1779235628	393098	846	bdaf1853d573
1779235533	392654	845	a6814fd23cf5
1779235240	392597	844	beba04a252d8
1779235224	392596	844	6bb34a6268db
1779231398	392163	843	d74cdb6b3ae5
1779231380	392162	843	88c899177ecc
1779226967	392000	842	8bd46c7cee1b
1779224416	391945	841	ecff04073a46
1779224401	391944	841	eb96169e254f
1779216740	391730	840	872975b517d6
1779216721	391729	840	6eea928bde81
1779216281	391079	839	e68bb0a68fda
1779216245	391026	838	1fb5d9f2c03d
1779216216	391024	838	55ebff281298
1779215824	390572	837	a86d6302f72c
1779215640	390101	836	f5fb103dcb82
1779215123	390052	835	53cc07e60692
1779215099	390051	835	fa81311330e0
1779214746	389737	834	2bca49f8b7dc
1779214729	389736	834	3ef14344a396
1779214573	389740	833	eea842aec762
1779214566	389691	832	471b85aa51d1
1779214549	389690	832	95efebe9bc99
1779214344	389574	831	e2ef13b250f4
1779214324	389573	831	078a258558f6
1779214102	389555	830	bc805b267c7a
1779213675	389506	829	8b27addf0339
1779213657	389504	829	a05b279fc638
1779212149	389409	828	638c0ebf0291
1779212029	387117	827	73bab9ff7aa6
1779211894	387062	826	d3b09a4510f8
1779211873	387061	826	a3cf44bf7271
1779207173	386678	825	40a450d62cd3
1779207152	386677	825	fbaf7a42f8ad
1779206947	384926	824	ac4fe0f772ef
1779206918	384861	823	89392ae9e2fe
1779206900	384860	823	c0f7d7327165
1779206756	384478	822	1c300a8807a8
1779206750	384425	821	82761fc15626
1779206728	384424	821	600fec26c0d6
1779185416	384122	820	a66dc7ee21de
1779185344	384102	820	b2b50faadd5a
1779184498	384082	820	4d6d3d60e1e0
1779184045	384082	820	191a8c8bebaf
1779184028	384081	820	556b8be1985e
1779183766	383977	819	9557be36934b
1779183743	383932	818	8f8ab5ac28d7
1779183720	383931	818	937985e0125b
1779182676	383705	817	8d240084f5da
1779182655	383704	817	f2a8d3a0f839
1779182498	383676	816	d8d71767b431
1779182488	383631	815	85bc5adf730d
1779182469	383630	815	3ded899dc547
1779182213	383524	814	95749eb2669b
1779182195	383523	814	703f5588ab9c
1779182038	383495	813	e4d5903aa708
1779181950	383450	812	f9c1927150f1
1779181927	383449	812	1aab0fa31ac8
1779152362	383343	811	0fb0a0693715
1779152213	383342	811	00a83f1371ca
1779152198	383262	811	b44a8040d219
1779151839	372272	751	10f8bdfb9a79
1779151748	372213	750	685a84bc5cdc
1779151733	372212	750	b36fb15df53b
1779151699	372085	749	9a42f104502f
1779151685	372082	749	823ab758c437
1779151474	371887	748	e67bbe412930
1779151460	371887	748	9708624c3c7f
1779150995	371757	747	66fcd0d0b99f
1779150980	371753	747	bdf2744a038c
1779150858	371668	746	2c09c2469bde
1779150628	371592	745	48c944f3aa79
1779150605	371592	745	043d0bd26180
1779149968	371509	744	cbc4591c4175
1779149953	371499	744	aa1331bd6a37
1779149809	371392	743	c865392af6e9
1779149790	371392	743	00ff59000500
1779149670	371392	743	8baf8aa02cdb
1779149243	371283	742	4a364635ddc8
1779149156	371283	742	83238790e43a
1779148888	371201	741	db1c686bbd17
1779148837	371201	741	381a2be9e81a
1779148271	371048	740	af4f25cc77db
1779148160	370736	739	3348c5f96303
1779148095	370710	738	ebf69da6eb27
1779148079	370707	738	e9948c20a936
1779147910	370598	737	d6eb0c426990
1779147881	370598	737	5bc7544e5ec3
1779147369	370455	736	cb8e96bfc3c9
1779147353	370451	736	83a04f457a42
1779147230	370373	735	d4910445fcd7
1779146908	370371	735	b2c1d8e477c5
1779146840	370371	735	6ed6fec5c2c0
1779146533	370307	734	e4cc6f601900
1779146481	370307	734	46293c166b66
1779146464	370304	733	cad3c06dd7a1
1779146458	370323	733	7e1b406d7865
1779146443	370317	733	f80151d96e32
1779146291	370109	733	4fc7a3ef196e
1779146164	370055	732	c4388e7f765c
1779146152	370044	731	87437abae6af
1779145984	370044	731	c4128b6dfe2b
1779145892	370033	730	8728a1a3da94
1779145553	370031	730	ef9361ae21bf
1779145539	369953	729	7e1e5cac05eb
1779145478	369682	728	178314b5c5c7
1779145464	369683	728	bcd79949f5e2
1779145321	369706	728	430ccabacc2a
1779145304	369705	728	5ad1f2319622
1779144495	369682	728	114af0318dc8
1779144480	369675	728	571078a40cbf
1779135390	369646	728	10971477d3a1
1779134091	369610	728	e01b86ba97db
1779132986	369561	728	b7b726e09711
1779132925	369569	728	fef0a3a6cf9e
1779132846	369608	729	1ba31235b15b
1779132419	369612	729	fa75b41abdc7
1779132395	370053	729	d135599c477a
1779132332	369973	728	15bec8844e27
1779132307	369833	727	3e63291a14ad
1779132282	369679	726	57bda35aa973
1779132262	369500	725	57be92761185
1779132235	369361	724	58bb977ee9db
1779117768	369292	723	71e0a9e94ac7
1779113576	369100	723	d8f2e126be17
1779109895	369288	723	46f43ca58e84
1779107929	368808	722	2004c293783e
1779107778	369207	722	05a2f93042dc
1779106977	369064	722	926a60d767b0
1779106959	369057	722	d6ecda35a167
1779106429	368995	715	1bec450daeae
1779106259	368953	714	490d30b051ed
1779106241	368952	714	5f8736e33d60
1779103467	368721	713	de58e903e26e
1779103446	368720	713	26949d305fe3
1779102769	368719	713	18c07eb72b40
1779102591	368700	712	ace710503351
1779102559	368668	711	f3a42acdfc7c
1779102543	368624	711	3b042fce590d
1779102364	368574	710	bac975d5f5ef
1779102159	359727	675	bd6c56999118
1779102142	359695	674	2fd55f853dde
1779102127	359694	674	72ed9f93737b
1779101754	359456	673	ebddfdf624be
1779101734	359453	673	72b3ab940f24
1779099248	359453	673	bae970ca022f
1779044624	359453	673	9b36448eef8f
1779044475	359453	673	7b828f755bc1
1779044250	357379	671	800b90fd9393
1779044236	357354	670	1c0ed1e2dccf
1779043782	357247	669	b2bf6d9f766d
1779042792	357182	669	683e03bc53e4
1779042773	357178	669	19bc95aee172
1779042502	357175	669	4cbd8e37a419
1779042367	356913	667	09f59b49838f
1779042261	356910	667	800c87be8c5d
1779042069	356793	666	3fcf28b1793b
1779042035	356762	665	97fb1b947073
1779042021	356736	664	084c830ab81e
1779041991	356710	663	ff01c9a23ce6
1779041963	356684	662	b6d6e11e3bc3
1779041944	356658	661	0dfe0e06ea4c
1779041942	356640	660	11585f959682
1779041924	356639	660	e876cc3a01bf
1779041882	356468	659	d95d84540a05
1779041862	356467	659	2fc32775d5bd
1779041853	356358	658	1dc5b0454b0c
1779041837	356356	658	9cde02db39ad
1779039657	356230	657	e2dd55d068cb
1779039417	356187	656	e9bc37dd553d
1779039415	356162	655	bf431b1ca6b2
1779039400	356160	655	ae270a8e299d
1779037552	355807	654	64cca73f6dc1
1779037327	355683	653	9b79247640ab
1779037312	355682	653	acc6840521e0
1779036838	355645	653	5a5a6ff51fec
1779036824	355620	652	384bcd4b8add
1779034526	355283	651	1553c6a254fe
1779034509	355276	651	0a3755871530
1779034108	355275	651	c876e113c6db
1779034094	353824	645	943feb99fe47
1779034076	353770	644	f54fb112703e
1779034000	353744	643	83d5c2ebc316
1779033984	353743	643	f2a8cff0632a
1779033929	353741	642	2ad5b0a1ddb0
1779033908	353740	642	b78c70e45bf0
1779033877	353635	641	4c763fe67d07
1779033863	353634	641	18893c8434c1
1779033828	353551	640	81ca1d0c6534
1779033809	353550	640	bd2416e9d846
1779033772	353522	639	d8a4dbe32438
1779033752	353521	639	330ce1ab4104
1779033733	353446	638	dad94edc08d2
1779033717	353424	638	9ffae2229fb8
1779033487	353400	637	6bd169416a7b
1779033227	349207	617	7edc9ca9edf1
1779033221	349185	616	3aae6054691c
1779033202	349182	616	23d283018065
1779032294	349051	615	f0908fa165cc
1779031811	349046	615	f956f68c16b1
1779031797	349007	614	0c9860a95177
1779031618	348935	613	dbc3c48d1bdf
1779024781	348897	612	a2512f05d2f2
1779024247	348891	612	0e6baa7efe11
1779024050	348888	612	d241cfa57ef5
1779023912	348881	612	9278df2f3d6c
1779023898	348880	612	12f4f32116af
1779022833	348879	612	d9ea5852fd39
1779022828	348830	611	3d050b83c733
1779022811	348829	611	bc00c5e507b6
1779022372	348778	611	e5db116a7535
1779022241	348694	610	ab55ef164754
1779022187	348663	610	d6156739379e
1779021689	348635	610	7484b37f9e58
1779021660	348611	610	4810ffd3c7ce
1779021645	348610	610	1e7696288258
1779019719	348606	610	7e1ae9a21b63
1779006399	347845	609	c2ba042c15ee
1779005291	347845	609	3c31f4bc297a
1779005276	347826	609	64439742f254
1779004493	347756	609	4d084a192387
1779003763	347756	608	ca1b4bb515f3
1779003751	344584	590	374870526947
1779003745	344549	589	352a185d2a24
1779003730	344547	589	2c047230a408
1778986505	344397	588	f1522f131eb6
1778986486	344303	587	e0024750b0fd
1778986471	344301	587	83b3139e8ea3
1778986436	344005	586	f344d0e1117f
1778986423	343783	585	6472d55698ce
1778986409	343782	585	e38275d9c0d1
1778986097	343692	584	4f2efdfd1c7b
1778985719	343670	584	e66b442a64b6
1778985643	343737	584	a91a5a5ce99d
1778985580	343776	584	59567ca28951
1778985564	343833	584	68d58372b67b
1778985546	343832	584	7bf5616e506b
1778985049	343834	584	aa11ccd03055
1778985030	343759	583	a487964012ac
1778984973	343692	583	53111bdc6bbb
1778984931	343653	583	249c5fc287a6
1778984869	343596	583	2381e2914e80
1778984428	343594	583	4dee4f4ca7d1
1778984373	343595	583	389836693e06
1778984356	343594	583	47367f43af00
1778983754	343594	583	496ae4d6d74a
1778983739	343545	582	38a4408fdc10
1778983669	343506	582	a19387975793
1778983621	343496	582	07d0b4a5a818
1778983604	343495	582	a3c82128fe6a
1778983051	343494	582	19e9a3c2a611
1778983034	343446	581	45b8455e4a77
1778982872	343375	581	8c52a27764cf
1778982846	343352	581	c3bbf7962736
1778982611	343350	581	9a32c868f8df
1778982585	343340	581	c61a263e49a4
1778982577	343335	581	07a436b14107
1778982562	343334	581	6ddbd6492deb
1778982326	343333	581	3fed15c3f847
1778982311	343280	580	9f1acba028fc
1778982280	343272	580	6bdf5b26b769
1778982251	343211	580	563aa252507a
1778982242	343208	580	c14f1ecc71f3
1778982226	343207	580	345ca992b8b4
1778981769	343205	580	a1c4e38d8088
1778981753	343164	579	8702b0158527
1778981677	343127	579	8989e487ffde
1778979683	343115	579	46c15f82769b
1778978730	343133	579	810d5a0dfdeb
1778978716	343126	579	600bb7fd4eb6
1778978494	343121	579	a251bd530b13
1778978482	343846	577	9a6d5cf4fca6
1778978469	343809	576	58b1427c3e10
1778978414	343655	575	b146f27dcfb6
1778978404	343647	574	beb11d01172e
1778978154	343595	573	fa3be680570d
1778978137	343594	573	ec8651227ed4
1778977995	343582	572	fa65efa1e5a8
1778977968	343576	572	d5845fe9e606
1778975183	341428	566	a35000503656
1778975169	341419	566	d2d4fe806550
1778974591	340677	561	f09f0a885330
1778974566	340680	561	952c0cf12139
1778974547	340677	561	1b05e5389f61
1778972837	340774	564	2b2eee35ad21
1778972791	340599	564	6f6e2a4e18a6
1778972773	340594	564	c73b4bbea84a
1778972629	341044	563	3b9b4b337b7d
1778972329	341044	563	3af397b0ad67
1778972028	341045	563	a7549330e4b0
1778970818	341075	563	6d2474d61ef0
1778969839	341117	563	ed9d8e13a732
1778967406	340723	562	bc6884a01b96
1778964592	340680	561	9371842cdb4e
1778964576	340677	561	83e4872981d3
1778964323	340650	560	71c3f2c5b37d
1778963131	340563	559	3e70ba27d35c
1778962695	340562	559	6ac751683104
1778962680	340557	559	22170c58d8e7
1778962574	340446	558	8f34792a6e22
1778961530	340228	558	ae626d3d7407
1778960495	340071	557	380b9bf495c3
1778959850	340041	557	5107e6541f1c
1778959419	339874	556	307f0c3f8847
1778956638	339949	556	66217a84f0a7
1778956623	339945	556	f116b87e6203
1778956106	339781	555	8f7cc7953185
1778952161	339782	555	0f4469a5c34b
1778951246	339778	555	ef225869c935
1778948880	339836	555	1e77eb7a7a59
1778948204	339794	555	fd28a363cbe9
1778947753	339792	555	81df6415a4b3
1778947194	339588	555	97eed50ae1d2
1778946945	339751	555	acaca45c9157
1778946733	339540	555	d6a8f85f132e
1778945670	339539	554	3978685ab827
1778943994	339442	554	a07532900cfc
1778938241	339114	553	76880215db21
1778938225	339111	553	76c05b9d3d17
1778938065	339069	551	a8530ba28c48
1778933420	339066	551	200225d6d7d1
1778933160	339027	550	eddaef561792
1778933140	339023	550	f9b3f945bbd0
1778933108	338940	549	bca961d00fb3
1778933092	338942	549	b96d6a84a22e
1778932948	339025	550	b899f3aa04dd
1778932928	339023	550	e6949b87d8b6
1778932659	338940	549	c728c950b1c4
1778932273	338943	549	cbb93ea1993e
1778932252	338941	549	1427440d9b6a
1778932117	338919	547	2a98cc43ec76
1778932103	338914	547	cddc13e4caff
1778931495	338897	546	69b58db546d7
1778931404	338851	545	a6ce944f9bd4
1778931390	338838	545	b1cb19a68c4a
1778930879	338821	544	7a75ef76ac8b
1778930557	336693	544	f337a4e9ebde
1778929945	336692	543	ca57229110bf
1778929621	336666	542	9c38ab04ab1f
1778929254	336619	542	e439135fddd2
1778928017	336586	541	d24f53a90038
1778927906	336584	541	00186f4cb86d
1778927647	336467	540	10fc1d9189a4
1778927633	336464	540	e7efbe41e9e4
1778926975	336416	538	9cf6ba821990
1778926745	336377	537	2cf933aefd2b
1778926729	336372	537	c6cf77f905d2
1778925975	336297	536	e9853f133027
1778925845	336206	536	742209743453
1778925326	336203	535	8aaf24a35e83
1778925306	336200	535	e6c2eda6ae6f
1778925069	336185	534	6bb0ccd0d8e2
1778925043	336164	533	6b4d145974a1
1778924942	336185	534	0d610e958fbf
1778923089	336164	533	ec7af10b2cd6
1778923068	336163	533	f694c0f6aa04
1778922928	336169	532	82e7594196b5
1778920356	336137	532	65a506f770fc
1778920341	336134	532	48d4dac4319d
1778920133	336097	530	b51aa27353fa
1778920116	336099	530	d7fec17bcd1a
1778919756	336040	530	f31e51b03a35
1778919459	336037	529	b5abce1c25b6
1778919427	336014	529	2d458eee03bb
1778919406	336008	529	a6fbfe1806f6
1778919236	336007	528	211e8561d1c8
1778918993	335887	528	ecb11f7fb1eb
1778888096	335887	528	6649d65899cd
1778887962	335730	528	88f16d127114
1778887731	335718	527	6cdebf272b54
1778887684	335712	527	c24308012539
1778886905	335711	526	35d6d0830e04
1778886889	335704	526	3575f03d8a05
1778886755	335247	524	edaa9eff7ef7
1778885998	335265	524	5420c9170047
1778885107	334735	524	3b669396d413
1778880387	334734	524	f7c0fa981c4a
1778878944	334734	524	cdfb75799824
1778878910	334720	524	cba7d683f2be
1778840437	334719	524	fdaaf9d68eea
1778840244	334718	523	109c02030b51
1778839949	334717	522	0b956f3d4c69
1778839929	334712	522	0b70dd9d8bef
1778839443	334694	491	7fd37e278c2e
1778838851	334000	491	c742ee56d11f
1778838749	333975	490	5912bc58932c
1778838704	333891	489	5c07c2a9ce2c
1778838689	333890	489	977fc660a5c5
1778838101	333574	488	ea4502cd1c48
1778837839	333574	488	f69ea70885ca
1778837710	332321	488	122b064487aa
1778837405	332121	488	534a2c8a39fd
1778837390	332121	488	a990a2487dd5
1778837387	332121	488	11d23b76a1b4
1778837365	332119	488	c5b9c688358d
1778835276	332118	487	ff4b4fd81d45
1778820646	332118	487	fb663443a3a7
1778793784	332118	487	ba47e386899a
1778792588	332313	487	8bb04737964e
1778755393	332118	487	8eda64957c7c
1778755331	332119	487	c1830374e5ed
1778755079	332120	487	1031679fc129
1778748235	332108	487	cef15838cb44
1778728474	332108	487	cfc673e455da
1778728022	332100	487	155c7d7918ab
1778727281	332102	487	51443d42d15c
1778726490	332002	487	d788fecb5313
1778725955	331994	487	0c44097abd3a
1778725137	332055	487	4ccaa5366133
1778723959	332002	487	1481359acf48
1778723444	332033	487	d66f30d395d4
1778723171	331426	487	aa6cc58ce192
1778722302	331983	487	bfaf2b0db920
1778721220	331759	487	1a602c108671
1778718592	332002	487	96b40264522b
1778717614	331922	487	69eec1d4d49c
1778717597	331928	487	ab7f987760be
1778690421	331595	487	eebe5eb8b783
1778689838	332445	492	4b4586aae719
1778689159	332447	492	a3fd518cba74
1778662245	332457	492	393837ab5b06
1778581914	332457	492	f5ff0e900d27
1778576658	332448	492	4cfbd1d9bad7
1778575605	332070	492	4628a03e590c
1778550274	332070	492	957ef1a2813e
1778549739	332063	492	95742113e91a
1778548892	332199	492	b5b97c803323
1778548459	332115	492	a0b8a326b6cd
1778545078	332116	492	a31539f957ba
1778544325	332027	492	f1b8b6bdc073
1778543893	332186	492	b014e34733e8
1778543442	332198	492	d3b5159799df
1778543089	332166	492	a21bac800f67
1778542656	332199	492	6e0e2a12d22e
1778541768	332185	492	2236800e224d
1778541191	332184	492	870b6ba377ae
1778538295	331841	492	4d49374c381e
1778538279	331842	492	11c8a83973d1
1778538132	332038	493	ea9a49782990
1778534554	332096	493	d27ee34ef293
1778534247	332095	493	ac63de3b5c79
1778533879	332048	493	f56f610f3046
1778533862	332048	493	9e107f498155
1778533487	332048	493	55a857571541
1778533463	332047	493	fb78f6b14b6b
1778533233	331729	492	dcb78352013b
1778533211	331728	492	943d11e78703
1778493008	331532	491	1592f8bb002b
1778400820	331532	491	bb5e64a87c05
1778380710	331532	491	4fb2885575fd
1778380315	331514	491	63b19e3bc7cd
1778379947	331485	491	2fe8d236777f
1778379483	331425	491	c07afa828ce6
1778378928	331418	491	f5301232b66f
1778378760	331418	491	dd9e962ff432
1778378014	331409	491	15f5a3969788
1778377644	331390	491	660ae13cfd45
1778376792	331374	491	3bc8cf69751a
1778364452	331364	491	6f5468fae2e0
1778363528	331376	491	07c10b5d740a
1778363299	331334	491	213575cd6212
1778363019	331333	491	04597458f48e
1778362780	330747	491	2d0dff2fe121
1778362564	330747	491	35007d8c9cc8
1778362548	330842	491	4a63a99ff877
1778361784	421514	600	8a48f48ab7e3
1778361767	421512	600	a951654aaa8b
1778313736	421511	599	aa99ffb72e4e
1778269207	421511	599	bd9a5378463e
1778226470	421512	599	c871482d52e6
1778143250	421512	599	a249e1fec8af
1778056418	421512	599	34b69583fd87
1777969098	421512	599	42e22b4a7fa7
1777883767	421512	599	00f683b34965
1777795596	421512	599	7bdd55a2caf3
1777708255	421512	599	2e6b0ecc14c0
1777623571	421512	599	7300025ca01f
1777622942	421512	599	8cd9711be3bd
1777620451	421512	599	83c39cab5473
1777614191	421512	599	a8e6185431ff
1777611042	421512	599	2f464e6ae49b
1777537699	421512	599	48587f37c2f3
1777451135	421512	599	4a348a1d409d
1777365124	421512	599	5a96cfb0096e
1777332642	421512	599	106c1a4062ec
1777332355	421513	599	ff1f8690e683
1777321477	421513	599	3c96c07c453b
1777321291	421513	599	fdc497c4eefb
1777307429	421517	599	14cd7b302d5a
1777307340	421517	599	91f155862595
1777307077	421517	599	356c2527b3a5
1777300941	421517	599	ed0c1ec364cc
1777300640	421517	599	3b5f5b6f30ab
1777300589	421500	599	415bd9a4ebe5
1777299884	421500	599	daf0f02c9773
1777298742	421500	599	26a1b71f3b9a
1777296330	421500	599	3de8200e6079
1777294879	421500	599	1af9ab9bbb55
1777293508	421500	599	ef18cad6a682
1777278815	421500	599	819a11d03f0a
1777253004	421500	599	62874ba728af
1777251903	421517	599	d98ac54c2b4c
1777251862	421450	599	04e6b80cf936
1777245311	421410	599	b32cc44164c2
1777245294	421315	599	6ce49aa426a0
1777209147	421315	599	bd3424aa9755
1777208874	421314	599	ed6280e033a9
1777189578	330745	490	531772a9b326
1777168195	330745	490	798ed2c9b86a
1777168179	330742	490	f7e52b9e8a9d
1777167519	330739	490	40f00200412e
1777167080	330736	487	8035c2e6d184
1777167048	330689	486	e6ca5d3c31e3
1777167036	330688	486	2b086488997a
1777163273	330603	485	9e58e3dff763
1777163260	330602	485	0205826064a4
1777155711	330604	485	c290544bdab7
1777155274	409612	484	66b8a8c69f6e
1777153709	409612	484	ca3372b626af
1777153124	409611	484	80b06e5ffd92
1777153093	409564	483	e31ef2df5840
1777153080	409563	483	3b0747cf5c4f
1777102263	409482	482	cb537073202f
1777102251	409389	482	78a0b2833fd9
1777101921	318986	375	1e925675d644
1777101116	409389	482	668442f5eecd
1777100619	409388	482	750ab9c81584
1777078219	318986	375	184c55875832
1777077585	319009	375	fe1938be0228
1777074224	318986	375	97cbe6eda2d5
1777073612	318980	375	c595d7c3a094
1777073121	318961	375	351945cc4fa4
1777072152	318977	375	fe77fb06c200
1777072143	318975	375	e09733f313b5
1777071239	318969	375	dc72233e89b1
1777071153	318959	373	8d0e16b5a351
1777070138	318762	373	befa1e9c3220
1777070089	318728	372	d27abbf58aa8
1777070079	318722	372	751226e111a8
1777059285	318721	371	b28def3d7e17
1777058528	318361	370	011c06a34de8
1777058315	317918	367	510b52cc210c
1777058007	317918	366	48322f063a21
1777047495	317918	366	841d94eb8db9
1777047472	317917	366	c3d0bfd47b6a
1777047279	317748	364	7614ef39b0d5
1777046753	317748	364	4814bdd39e3f
1777046600	317747	364	e8e45bcc97a6
1777046362	317731	364	f8ee41848857
1777046337	317644	364	6c702cca68e7
1777046230	228412	263	5857f7788c9f
1777045591	228400	263	237cd8e9c7d9
1777045080	228399	263	bb52722ba9b2
1777040586	228387	263	da3d4cc52164
1777040250	228382	263	839eaf3fddb2
1777039833	228381	263	1b957e05fda2
1777039733	228296	263	cdde1bba1901
1777039617	145051	214	4d5ffb0bd068
1777039473	145051	214	315700d9a59f
1777039334	140863	166	f841ac89f3d9
1777038600	139391	164	d398045ee806
1777003066	140076	170	aed161e39f0f
1777002955	139668	167	ce49684b306e
1777002541	139969	170	8470c99d275b
1777002469	139966	170	f300eb14a00a
1777002382	139686	167	78492dfd7c74
1777001683	139669	167	c0771d8c9b4f
1777001584	139654	167	a10b8274fc6c
1777000827	139453	167	83dde286f4a5
1776997335	139456	167	51bd83cb36e3
1776995128	139456	167	d560bf77b324
1776993246	139460	167	084040ff5eb8
1776992278	139451	167	386e3fff48f6
1776991578	139445	167	2e96d7c5a30f
1776991280	139450	167	2c05a9f7917c
1776991032	139427	167	d93e3bb57bcb
1776991023	139426	167	5f95596249af
1776990811	139419	167	21c4f452dc05
1776990658	139415	166	671a5771694c
1776990613	139421	166	715be8e762d9
1776989914	139376	166	685335bf07d9
1776989886	139331	165	755db94ae2dd
1776989875	139330	165	00feab51d466
1776931400	139229	164	0ce52dd50c3d
1776890164	139229	164	ae2b49142e58
1776794509	544787	4562	0232ad51a9a0
1776794304	544786	4562	2add8a21efa6
1776793823	544577	4561	c3232b2c2387
1776793746	544568	4561	d42a1439ebd8
1776792681	143065	216	711d761a1fe4
1776792442	143043	216	406526b70a1c
1776789747	142915	216	a043c8782fb7
1776789723	142915	216	9ac429ebc05d
1776787997	142903	216	1d7db2d081c5
1776758460	142902	216	1f20571c6489
1776720127	142902	216	c466a452c541
1776720107	142900	216	5e4eabe07890
1776719455	142527	215	c049d3bd52cd
1776719429	142457	215	5af838cb5b30
1776673090	139229	164	6bf690372603
1776612856	139229	164	3fda8e15aead
1776612847	139228	164	47e5e0fa3a0d
1776612405	139141	163	651ed627507d
1776612394	139142	163	2bc8b3581e96
1776612373	139373	164	4b69ae57029d
1776611359	139422	165	c0c51bce790a
1776611251	139424	165	9651b5fca8ed
1776611050	139437	165	d376b92282a2
1776610971	139437	165	a174998cfb20
1776610670	139438	165	dc6181036d38
1776610603	139386	164	c7fb69d5b0a7
1776610593	139385	164	c47338224bbf
1776583609	139141	163	0e7e5a56347d
1776496569	139141	163	e82102548ff6
1776412623	139141	163	20985f425131
1776346516	139141	163	37f97bdef9e8
1776326143	139141	163	927ecb722e94
1776303208	139141	163	f0c171ee2af8
1776239785	139099	163	5d5b58a46c7d
1776226098	139099	163	a0e68a96c6cf
1776153336	139099	163	bfbff5a82dcf
1776108209	139099	163	a0d5780fd89a
1776108146	139097	163	16ed9b76b725
1776107988	139098	163	f97972fe7fc0
1776107477	139114	163	eee72402c91d
1776106795	139114	163	965f8dd1b7e8
1776106565	139109	163	74dc839b6eab
1776106332	139128	163	ee43ac838dae
1776103080	139098	163	73f7756af2d6
1776067925	138835	163	80baa36832b7
1775978529	138835	163	7aa9b64ad943
1775891235	138835	163	2c064e5e4acb
1775846238	138835	163	b9e54c3f6aa4
1775846227	138840	163	f8bf5b96f841
1775845901	139421	167	31dc71bdc845
1775845728	139161	167	268364701379
1775845698	139146	167	62b8ab414b7c
1775845331	138973	167	ed19c8bc5c26
1775845319	138973	167	fdcb4f9cc059
1775845303	138973	167	e528947c1acb
1775845292	138973	167	c78a2f4e6189
1775845268	138973	167	ba5f37cd080a
1775833950	138973	167	f5f3a9579d5b
1775833807	138953	167	e8798fac6fd0
1775833776	138844	167	88e91428068a
1775833764	138843	167	e0d7a5c482da
1775833755	138842	166	367ddd883991
1775833744	138840	166	dd99201205c6
1775833725	138839	165	185337311e5d
1775833692	138838	164	e548f2c58f8c
1775833681	138836	164	36cd81fb2007
1775833523	138835	163	52bb3c2de457
1775833512	138836	163	9575f9e7a5df
1775831402	138837	164	aa747904e71b
1775831389	138837	164	b97fbf5f32b8
1775807399	138836	163	d730c3dbf86c
1775782725	138836	163	0f208eaa80d7
1775782697	138836	163	fefa41231469
1775782668	138836	163	8860788b88b0
1775782291	138836	163	a67678de4e68
1775782144	138873	164	2796b764022b
1775782113	138873	164	a01198fe2a5f
1775782081	138873	164	0cab36469b63
1775781214	138873	164	2580f3c2af3e
1775781185	138889	164	b2d7f2f0f8d1
1775781156	138731	164	135182f7a3df
1775780242	138764	164	6dd6512cb061
1775777954	138686	164	3773b941bc57
1775777749	138314	164	b841ddac7ebb
1775777723	138355	164	39bca6e0d33b
1775777545	138425	164	ddfc25a36a2a
1775776856	137479	164	4abd960cda10
1775776090	137475	164	066fbcf62fe7
1775775890	138338	164	643166023585
1775773980	138709	164	6de598cdfb81
1775773826	138709	164	36251fd0c21d
1775773797	138685	164	635f78b5be7f
1775773742	138609	164	e891afe3a55c
1775773106	138489	164	e4d60b60c68a
1775773078	138182	164	dc00cb1475c3
1775772602	138488	164	ece597dbc7c1
1775772560	138487	164	1b33499c90f3
1775772550	138486	164	7d37bb2b0085
1775772537	138361	163	4b2f9b203064
1775772527	138359	163	5c84bfbd1947
1775772347	138263	162	6bbd0767cf0f
1775772216	138226	161	a6576ee5cbc7
1775772204	138225	161	2044fe38078a
1775772194	137159	160	5d1ba3ebcb1d
1775772185	137158	160	22481eb4f04a
1775772167	137093	159	91f8b70b1b43
1775772156	137092	159	81db0d7da9d2
1775772146	137014	158	2d09b5158dac
1775772135	137015	158	de85b0f1b7e5
1775772106	137093	159	63b6609f5d75
1775771661	136918	159	5be33458917a
1775771650	136917	159	cb1fb22128e2
1775771628	136839	158	24d8220b0979
1775771615	136840	158	6f7c4e3a1ec8
1775771590	137231	159	1773ea3bf8a6
1775771357	138628	159	de5e6f12f635
1775771134	138628	159	81cbd9a5d943
1775770658	138380	159	91b502ffa759
1775768825	138603	159	832ed6174b15
1775768553	138603	159	226051e5bf27
1775768192	138602	159	985993e51a66
1775768101	138583	159	05eee18087ec
1775766409	138583	159	6207b44afea1
1775765170	138630	159	c7a2b5ee138b
1775764624	137005	159	1dba30704eeb
1775764581	136976	159	7b3d20b0a9b1
1775764569	136975	159	e6f1d600ce94
1775764218	136628	158	f7edd0fa4da1
1775764207	136626	158	53cbb600fb8a
1775759898	136625	157	4ea8dc9001e6
1775746593	136209	157	8f04cb036e4d
1775746509	135898	157	fd6931271a5f
1775744026	137020	157	2b4700da0dfe
1775742208	137151	157	4b3b56009df4
1775740135	137071	157	7e425e855f28
1775739768	137067	157	2a9128b7c4a2
1775739415	137067	157	0d8869159320
1775738614	137059	157	0e4d55f0d8f0
1775737988	137048	157	3d05ac64a4e8
1775737345	137043	157	0964e9b3ad17
1775736717	137043	157	616e45ffe945
1775731485	135921	157	a16bf1edbad1
1775730820	135838	157	d3638d535b09
1775730394	135825	157	cf1b88d67be8
1775720689	135652	157	cecb95f300d7
1775688925	135652	157	c6acc8128667
1775687669	135653	157	58307d9ce49a
1775687515	135595	157	256e81937e8a
1775687341	135484	157	ae15fffeaf30
1775687198	135409	157	601865ac6823
1775687188	135408	157	abf4c2f935eb
1775687173	135077	156	1b5ca84f0d84
1775687161	135078	156	780d470d4391
1775686686	135505	157	efaf164afef3
1775686440	135505	157	72a2359fb047
1775686342	135504	157	015c66943f71
1775686329	135502	157	f316293c7d8a
1775686284	135076	157	5fe2ed96be9c
1775686269	135075	156	c23fc33c7659
1775686250	135074	155	6f351effa28f
1775686240	135072	155	9cc4d369d390
1775684976	135071	154	211e44f0ad5f
1775650173	134786	154	f33e51f66508
1775649248	134799	154	b0607f35f56e
1775649234	134803	154	5e454d930f52
1775634147	134621	154	ef3a42479485
1775600822	134621	154	652bd33c38e4
1775600420	134624	154	b9144d94872c
1775600064	134624	154	495d6c4c76e1
1775546769	134546	154	ce5ea3a747e0
1775531351	134546	154	93074ed495b6
1775530375	133996	154	8c7cf803440c
1775530288	133995	154	6e8a60dbe682
1775530106	134004	154	5da130f024e4
1775529400	134152	154	12ef99e637a2
1775528560	133922	154	c03525779ff8
1775528179	133988	154	1c6d55433c90
1775527951	133989	154	edaf8d544621
1775527544	134119	154	ddd97388ca7f
1775527328	134118	154	ee3b6ccd90d0
1775527187	134220	154	8c2faa01feb3
1775527051	134118	154	bbeddcad1f71
1775527040	134116	154	7cf02d4dadae
1775524028	133726	153	70fa9673a4a7
1775521162	133723	153	058af3910b88
1775520612	133723	153	bd0e49a7a1c4
1775520095	133708	153	239f50c1bdb9
1775519977	133708	153	c40f2387eea2
1775519638	133720	153	521a1dd2976a
1775519393	133892	153	7b332d6d30e4
1775519158	133892	153	25c36b7eff30
1775518948	133891	153	50a6cc35a7bb
1775518888	133865	153	50092b3a34e8
1775518824	133930	153	5f0c025e2722
1775518195	133852	153	a2b2f2e5dcc4
1775517921	133691	152	a34ff709dccc
1775517834	133654	151	5fbabbd957ef
1775517534	133647	151	543bc1e33c64
1775517289	133646	150	af059514452c
1775517248	133652	150	2b705ac10037
1775517223	133830	150	0fe541335c17
1775516908	133651	150	804e8b0923f3
1775516603	133650	149	0fb07a818d63
1775516563	133652	149	da98cf14fbef
1775516262	133651	149	7222e6d6a150
1775516204	133651	149	5f5eee11405d
1775515228	133655	149	498fd88c0039
1775514948	133643	149	5510625bce85
1775514878	133641	149	f52a9be55e23
1775514614	133633	149	af75adb3537f
1775514578	133597	148	2f57cc506274
1775514098	133388	147	9faff5587f60
1775514063	133399	147	edf0ca748290
1775513872	133414	147	a8572f9807d2
1775480019	133416	147	25cf4f9c406c
1775479540	133417	147	b1f0cd53f23e
1775477429	133556	147	533e3673522a
1775467814	133206	147	6a1122cee6a0
1775467540	133261	147	0fb9d69be3ad
1775467173	133235	147	6949e72dadac
1775467060	133235	147	5076e07c4713
1775466928	133235	147	7c613a1328d0
1775466359	133187	147	25106210e658
1775466106	133206	147	ae7f0aceedb3
1775461946	133204	147	1fcc45e95aa3
1775442550	133204	147	f3472156fd51
1775442451	133055	146	6b45dc216c02
1775442156	133035	145	03029910fbaf
1775442024	133015	145	6ba3571d2eca
1775441682	133123	145	9fa4d22b843d
1775441588	133177	145	79bd55f5d2ee
1775441448	133176	145	7f8da061a27a
1775441208	133014	144	12676ef20bfb
1775441098	133040	144	824c06888dea
1775441006	133039	144	abeb23722541
1775440813	132995	143	9f3e381e726f
1775440705	132996	143	180ff5f13d12
1775440338	132995	143	4b8800d62b91
1775439543	132914	142	d12f94d61914
1775439404	132912	142	3e1e99d8efec
1775439060	132767	141	f1407c895dce
1775438981	132767	141	16b783654164
1775438601	132852	141	f483d7e5e7ca
1775438391	132852	141	6bb12ac25041
1775437480	132730	141	694f0108b03f
1775437214	132760	141	20ecdbdfdf95
1775437182	132711	140	a023266d6768
1775436721	132613	139	4bc6be231bfc
1775435721	132591	139	cb447620edb7
1775435531	132585	139	95abf9ded380
1775435279	132584	138	ce5cb254dfbf
1775435157	132587	138	71125c6d1354
1775435076	132538	137	aaf8f1f2c2a0
1775435043	132455	136	3d5c5372d0d7
1775435022	132538	137	0ce20d6a1ca2
1775434383	132455	136	0f34db146f6b
1775433628	132449	136	2c065ba4be66
1775433102	132448	135	5e234e1069e7
1775433058	132359	134	59459677a5ec
1775432128	132310	133	86f5e55ae153
1775431662	132308	133	fb6ce70b37b5
1775431580	132308	133	a9f6440ed218
1775431195	132270	133	1c4b4e666aa3
1775431118	132269	132	4df3c1ba5701
1775431082	132137	131	6273551cf1bf
1775428049	132090	130	d4bce6b809b4
1775427010	132080	130	e059fd8fd09c
1775426665	132105	130	efa55b49a680
1775426623	132105	130	df6c1dc22f81
1775425381	132101	130	fbaf46545bf8
1775424883	132101	130	dd13c9f9755e
1775424863	132108	130	6a5106005c1f
1775424849	132108	130	50e4ed1d796c
1775423097	132111	130	648095080eb6
1775422508	132077	130	a1ec1f8f4f0e
1775421767	132093	130	726270ebbc62
1775421471	132093	130	57db23de9436
1775421445	132067	130	6c6d7bc41798
1775420959	132069	130	ed9dcb7cfafa
1775420881	132068	130	6cdf467ebd89
1775420380	131657	130	98fcff60230b
1775420352	131627	130	ccd440e45892
1775420330	131586	130	e700a1727b6f
1775416496	131327	130	bae6844f85e2
1775416087	131295	130	9eea1314b80f
1775415413	131252	130	7e964cac03c5
1775412813	131205	130	26ac863244e3
1775412762	130531	130	ba82da29ffbe
1775412501	131206	130	e61687870503
1775412420	130531	130	15d507d59f57
1775410869	130532	130	dda9007c4854
1775410670	131206	130	a073b1c9f21c
1775406333	131205	130	a56943448f13
1775406310	131205	130	1b025db465cd
1775406272	131207	130	f54b5a9d59a0
1775406199	131097	130	c0dc5751e28d
1775405605	131417	130	c0a3b149d63f
1775401127	131283	130	5712290441f2
1775400727	131174	130	288376167bed
1775397790	131166	130	0f7138c01eb1
1775396080	131156	130	8fdf98b5d78b
1775394552	131151	130	e989b8fccb7e
1775392422	131075	130	efb8bd1fc7f3
1775390332	131016	130	d3c48e3e7709
1775388802	131003	130	4ca560d02496
1775388656	131002	130	6110202a1143
1775388330	130811	130	0aa71c1b1426
1775388277	130811	130	654277529053
1775388122	130810	129	d4142e41718a
1775388009	130057	128	913e924d51d4
1775373285	129973	127	81585c1dc0cd
1775350999	129973	127	2aa943fe4a23
1775350687	130011	127	9f3f6a62d007
1775350198	129973	127	57642170f7d6
1775349883	130011	127	5e6cfca757c5
1775349545	129973	127	15418eaaba02
1775348254	129941	127	1398dd8f5737
1775348161	129940	126	af48752cd88c
1775348125	129893	125	655b290d1e7c
1775348059	129772	124	af04bf36e849
1775347938	129771	123	57d83995a868
1775347856	129724	122	51a66554c445
1775347591	129563	121	d14f70edcb80
1775345689	129566	121	c8797a587af7
1775344578	128392	121	66ad880de71a
1775343378	128357	121	91b9d244c68a
1775343252	128344	108	a6b89a224da5
1775342783	128351	108	01f38303cd53
1775342635	128328	107	8f2bbd7dcb84
1775342157	128329	108	1ec7dd90c566
1775327523	128328	107	023d6ae2c15e
1775322916	128365	107	f53573e500df
1775306830	128366	107	4e46cf317160
1775306377	128364	107	0738954c7275
1775305543	128363	106	85a54440e9c5
1775305481	128363	106	d284218d0a29
1775304756	128446	106	d2fcf5f21db7
1775304710	128400	105	d74bdc013932
1775286463	128109	104	d58170130079
1775269800	128109	104	7eb3691f9268
1775269280	128084	104	2180fe21c458
1775268822	128084	104	6960563c93e6
1775268332	128084	104	cb589ff8eca1
1775267354	128082	104	53dda4252a9d
1775266519	128078	104	989674c22096
1775265631	128058	104	a52ae88f7003
1775265501	128057	103	ac94efbe0516
1775265225	128056	103	7b5d141efec6
1775265177	128011	102	e847964088bb
1775263088	127915	101	d2536d65201b
1775260592	127864	101	00d659789b56
1775259699	128017	101	06acbc78eb4b
1775258524	128016	100	087c65580945
1775258340	127880	100	1576e7f0a0db
1775258309	127831	99	d6b315a8cf2d
1775257686	127717	98	441659d77952
1775249783	127506	98	aa0167065629
1775248678	127419	98	a2a4dd0b6f2b
1775247899	127330	98	a23bd2153940
1775247564	127310	98	80aae372c21f
1775246927	127322	98	9d547071a2a4
1775246595	127264	98	c90f8e414d84
1775246493	127051	98	d0f65e39f954
1775246453	126732	98	8ba10e0e31a4
1775246327	126090	98	7c7d8fd244b8
1775246314	126090	98	b1cfcd6ff39c
1775246171	126090	98	0de35ddcb86d
1775245778	126115	98	8cb5dfeb76e7
1775245670	126115	98	c7fca7a52dbd
1775245481	126245	98	b7d52309fa9f
1775245267	126245	98	ff91c166c6ea
1775245174	126215	98	d35d3b021477
1775244379	126215	98	bef5a88b7133
1775244126	126215	98	44030a096465
1775244098	126215	98	cdf590488a2a
1775244071	126215	98	9b00809eb5d7
1775244048	126221	98	87580591ea72
1775243817	125901	98	aa5d0e9e8ce4
1775243691	125787	98	fb71198d7925
1775243318	125129	98	57a69cda275a
1775243180	125010	98	d3cb1ecd16ca
1775242850	124474	98	d9e25788b61d
1775242500	124138	97	92bb9533fa61
1775241883	124130	97	8ef9492e257e
1775241798	124173	97	ac6ae1a3dbb7
1775241661	124020	97	9dd99dd48cbc
1775241430	123489	97	57217ac4afcb
1775239596	123485	97	7a273431e0de
1775239560	123484	97	ee10e38bcb56
1775239542	123482	97	da49bdfd769d
1775239292	123477	97	933a6a2d894e
1775239114	123477	97	153d73aa221f
1775238648	123425	97	8afd458e063f
1775238341	123431	97	4e8d2b721eb3
1775238104	123370	97	2837b2268ba5
1775237961	123318	97	ebe0adfa9fc8
1775237498	123291	97	77715e5c8aea
1775236797	123257	97	78f2dd42e371
1775236405	123220	97	04d6d37e9557
1775236228	123221	97	7aa19fd6b47a
1775234976	123225	97	b7eae6aacd2c
1775234842	123226	97	d454cec12c00
1775234472	123218	97	1289614dbbdb
1775233047	122758	97	9909312822c3
1775232446	122845	97	8e9c8af307b7
1775232348	122744	97	14557078cf87
1775232041	122744	97	86a23abcbcf6
1775231922	122759	97	ef8a7724f501
1775231532	122751	97	ac7b36ab631a
1775230908	122751	97	c3d15c99494a
1775230793	122751	97	801567e1a14d
1775230554	122757	97	97e4f8b7808a
1775230249	122759	97	9d6453043bc2
1775229223	122766	97	89a257e705df
1775228145	122652	97	e3a50f00e8be
1775227768	122652	97	aeff728e06b9
1775227347	122643	97	7368990fd7be
1775226706	122648	97	2209a478bd9a
1775226247	122672	97	dc3c271acb55
1775225923	122666	95	f4aa1a218c6d
1775225688	122668	95	9bc14456df2d
1775225313	122677	95	625b75814cda
1775225240	122677	95	55405a8002c2
1775224635	122680	95	fbeaba4246c4
1775224621	122677	95	43efe3851372
1775200651	122676	94	b2023334d39c
1775114439	122676	94	3a1a0b8080f5
1775055248	122676	94	29e9e6f447b3
1775055101	122671	94	e31fdee93737
1775029321	122671	94	7ed1e92fd644
1775010180	122671	94	56c3e4a81ee9
1775008999	122716	94	5c5f0fdda4cd
1774941818	43706	93	cadad9f1d3c1
1774917291	43706	93	4822f0f49a36
1774917161	43704	93	767a304e309d
1774916639	43695	93	eee420c5b61b
1774915903	43695	93	25530c111233
1774857021	43710	93	8d5a2fb1fe9f
1774832440	43710	93	a6da1bb1db2b
1774830019	43690	93	1dca389e015b
1774829974	43674	93	363c3593bc53
1774829352	43673	92	58211acf6499
1774829306	43616	92	ab7152fc9a01
1774829151	43599	92	eb3f50990a2d
1774828867	43598	91	40e486698f9a
1774828727	43618	91	701c272f42a6
1774827941	43546	90	7e4ba701445d
1774827722	43546	90	b8bd9a655bff
1774827073	43963	90	70ca9bd7ab6b
1774826445	43993	90	e4a4d7d63811
1774825926	43995	90	007764447340
1774825420	43978	90	d5c5c7eca942
1774825177	44002	90	b2af2a90c723
1774822578	43983	90	f2d6dd936cb5
1774775074	43978	90	c04603ba5dbe
1774774949	43591	90	cae413a60d6e
1774770091	43590	89	72211c1c3ca5
1774769300	43532	89	2a6564b6f176
1774768980	43491	89	1ca3cf924a10
1774768905	44039	90	2e6d23a27ce9
1774768608	44297	90	48c895a0a5ea
1774768295	43751	90	56421ae34f08
1774768019	43751	90	17771cd294c4
1774767503	43750	89	a013627c73e1
1774760969	43473	89	dfd3fcd49a6f
1774760697	43315	89	b62076ec670c
1774756070	43484	89	8658b3cf155a
1774754203	43437	89	d1329ec6c6ef
1774753807	43433	89	40d13e4fc982
1774753459	43434	89	5aab87625eb2
1774753086	43408	89	4b364dd20525
1774752390	43404	89	55a1d238e7dd
1774752166	43354	89	e2e32d336077
1774751866	43324	89	a7159a5a059b
1774751474	43354	89	3a46ef416fb1
1774751266	43356	89	080e582cb495
1774750909	43358	89	2814be94b4d4
1774750568	43288	89	0777b7ceb9d3
1774750498	43288	89	b6787b2f8395
1774750076	43347	89	81ef1575df1e
1774749943	43339	89	b354e57d3080
1774749756	43338	89	c08ad8069e23
1774749709	43202	89	6869631c6c1e
1774749284	43201	88	cb5e89792978
1774748942	43395	88	ac391153342b
1774744123	43395	88	532f483fc8b3
1774742784	43366	88	cf99673fb875
1774742285	43308	88	e702139097ff
1774741410	43322	88	4a9e67a43966
1774740984	43313	88	1ed190b7f10d
1774740840	43321	88	6f8a2e3e2b89
1774739466	43319	88	20e993ddc0de
1774739238	43313	88	a85270b70a4d
1774739193	43269	87	2c8498f7ccc8
1774739158	43199	86	f7bf2c0f3c60
1774738938	39114	85	1d3b9d943f24
1774738440	39102	85	f5b8cfc78101
1774738380	39070	84	46cc2a518280
1774738228	39012	83	0dbbcfc9e51d
1774738147	39012	83	812cfd48a050
1774738100	38270	83	7585fae5d878
1774738069	38270	83	05f444df1236
1774724116	38269	82	16084056df50
1774723483	38269	82	235c7d92ec68
1774723034	38265	82	0ef47cad66f4
1774721899	38252	82	ad84ce05f5ed
1774721376	38188	82	09a83358a6b7
1774721032	38137	82	baf139f3fabc
1774720986	38146	82	2a6205f948b0
1774713422	38022	82	8860704c2e43
1774712885	38020	82	5fc7f5733ec1
1774712638	37843	82	86c7d670daa3
1774712320	37650	82	ee97c5d8bd92
1774706957	37650	82	9bc22fb7cfe3
1774681487	38021	82	eb5a9ae00c76
1774664270	38021	82	8e435d3880e8
1774663435	37995	82	9aa17fbe8bee
1774662819	37951	82	486c69a745ed
1774662275	37917	82	8372ff4997ac
1774661532	37916	81	092508d69845
1774660114	37928	81	2eeb4719cd58
1774659681	37926	79	347766bbf79b
1774659212	37925	79	3688cc02fbda
1774659054	37904	79	776961dfb9ca
1774659013	37835	78	a88f0d362148
1774658991	37763	78	779c3bd5e431
1774658913	37762	77	6212a48c4c79
1774658741	37751	77	b16587e8b939
1774658717	37641	77	8505dddaaa61
1774656448	37640	76	352632a924b8
1774655903	37638	74	14bf0c084a9f
1774655850	37659	74	f0cea63f5fbc
1774655795	37653	74	ed98908baae7
1774655768	37584	74	72cdc31a7960
1774655624	37583	73	58834316a178
1774655605	37513	73	c1189604c1f1
1774653604	37512	72	aa744c2a3b2e
1774648800	37488	72	1bec07bf3a15
1774648300	37487	71	3e66eec168ac
1774648154	37487	71	5d444ee35719
1774648131	37413	71	8bdd47eee264
1774642508	37412	70	5c0a95251b81
1774642024	37415	70	d2de48a0a192
1774641553	37429	70	5fafd392a0e8
1774641100	37380	70	40ac2e79b68c
1774640583	37363	70	199f6003fcee
1774640292	37314	70	bd5e058870a6
1774639793	37317	70	f5cc3e22c684
1774639095	37514	70	47338dc904cf
1774636957	37432	70	e89a50aca359
1774636470	37095	70	d6aa53390a84
1774635538	37418	70	9b98b1dc078f
1774607257	37482	70	57f187926e52
1774607112	37482	70	149a1d2f26d9
1774606853	37482	70	7140a46c7763
1774606481	37481	70	90487358ab60
1774606156	37480	70	faa0549d5bda
1774595765	37480	70	b8c5dc26b14f
1774576728	37480	70	4c0a5a04883c
1774575857	37469	59	45b65bb6e47f
1774575026	37442	59	550c32c06034
1774574479	37442	59	4f60a400de54
1774574406	37439	59	03e63635ae97
1774574376	37380	59	114914b4f8c2
1774574261	37379	58	8d2911d74a58
1774573835	37362	58	422400053e81
1774573582	37334	58	2e535f7d22fa
1774573131	37333	57	ab54dd6d093c
1774573075	37330	57	307b5f9664c9
1774573048	37255	57	c39a13d7f425
1774572907	37254	56	4246171ed7a3
1774572861	36864	56	e3ca9f9791ae
1774567321	36863	55	e334e5f72b46
1774564828	36815	55	9f74ccaf3a8c
1774563614	36814	54	afb43d2cfebf
1774563364	36779	54	d80ffdf7f185
1774563278	36776	54	55356c55e6e9
1774563247	36718	54	65b4abc470b6
1774563001	36717	53	1a9a65222ace
1774562602	36716	52	3d2fae79dab6
1774562578	36714	52	898023b1c445
1774562550	36712	52	f37aa35852b8
1774562528	36712	52	3fecc6038f51
1774559372	36710	52	65536234e8e5
1774559030	36709	52	4cef31177590
1774555766	36676	52	a557838ddcd2
1774555638	36674	52	5dfa2534c802
1774555310	36675	52	097637b10a1f
1774554833	36680	52	c71e3e1ad50d
1774554618	36680	52	fb45f8120e06
1774554584	36678	52	3e69e904ab26
1774554018	36759	52	ae4465177156
1774553744	36735	52	f0d93195b987
1774553556	36738	52	166b5f113a9b
1774553538	36738	52	d79040e5d791
1774553312	36738	52	91d0d1ab20c8
1774551264	36622	52	79bad63aca45
1774551186	36622	52	4e482787f3ff
1774550883	36621	52	2cbd56703246
1774549824	36621	52	7c8670dff14c
1774548112	36621	52	20360418e163
1774546738	36621	52	8ab9d85ac678
1774546301	36618	52	326a64f2eea9
1774546236	36560	52	88f53c601523
1774545964	36559	51	b9c4d6e67683
1774541768	36554	51	9ef32bb847b2
1774541594	36553	51	724040c958b1
1774540184	36327	51	e45e87aa992a
1774540096	36327	50	1d80656777e6
1774540031	36327	51	445e386c085d
1774539763	36327	50	6e6799f37f1a
1774509421	36326	49	121512eabbca
1774422567	36326	49	a51c6f1b529c
1774422165	36326	49	060e66a8e227
1774421964	36326	49	2a5341bce425
1774421795	36324	49	6bbceb4251c0
1774421581	36270	49	85c67f77814a
1774420615	36253	49	c4e5318b93d6
1774420478	36253	49	16da787e6b77
1774420144	36252	49	96970fe58ab8
1774419632	35984	49	48514ee3d5be
1774336303	35983	48	6e71d5f77bf2
1774302632	35983	48	dabec5a8e641
1774302614	35983	48	bb7609e91d8f
1774302564	35983	48	d8ff4bdaadfc
1774302181	35987	48	f9b5504490de
1774301811	35986	47	a30f2479e673
1774301544	35967	47	6f14404e92dd
1774301516	35968	47	10c8faf9958f
1774301480	35944	46	cb84c258b411
1774301195	35942	46	dde8c89fc97c
1774300915	35917	45	b9afa9b3813c
1774300709	35954	45	ff7a477723b6
1774300682	35938	45	1feca254f847
1774299814	35931	45	5ad723661e94
1774299514	35930	44	44f56a8a2262
1774299122	35882	44	f1cfb4858671
1774298864	35874	44	3a269f04bd06
1774298677	35799	44	4c3fa1c442d2
1774298193	35874	44	35c837cf5612
1774298064	35874	44	19946a6437b5
1774297455	35858	44	5030f1e963e1
1774297434	35858	44	9f6c2769487c
1774296277	35858	44	4875c554fad5
1774295445	35857	44	4075c47c70b3
1774295355	35856	43	3f2c6058ade9
1774295331	35855	43	f09c9ace22f4
1774294882	35856	43	d495e2e15d3a
1774294815	35813	42	7ffe680871ca
1774291929	35767	41	6739fc555c0f
1774285059	35767	41	6729a196b72c
1774285024	35572	41	47c510c6b47e
1774280160	35571	40	af918e3809a9
1774279416	35571	40	59b5336ba87d
1774279347	35570	40	3c8197607124
1774279181	35565	40	b61cb93d848b
1774279014	35659	40	3aae6f07d16c
1774278971	35659	40	65018535a57f
1774278669	35564	40	177c9fbde9d3
1774278636	35564	40	88386a32121d
1774278528	35567	40	487e635fac71
1774278415	35582	40	bf8a5693cf5b
1774278264	35582	40	9e22654cb4fe
1774278137	35581	40	d8f6f4ce50a0
1774278100	35564	40	8140b9e51dd6
1774278005	35579	40	bc445eb3395e
1774277796	35579	40	6da804f59298
1774277683	35552	40	065c94fdc26b
1774277605	35579	40	7f37db220fdb
1774277090	35580	40	925232a6099a
1774276101	35592	40	ec6fe146c4e1
1774275885	35496	40	72586db8c64f
1774275675	35526	40	6a0441a7e635
1774274997	35524	40	7d605205d867
1774274807	35524	40	6e7711da4ef6
1774274265	35523	40	af68e1462fed
1774259956	35451	40	5fed77db528c
1774259557	35451	40	6b632fb239fa
1774259423	35450	40	ee9b297a15d1
1774259329	35449	40	ac6645b5d033
1774259225	35443	40	212f920ca2e0
1774258971	35232	40	ee8b30097db0
1774258290	35231	39	6034a167a973
1774258202	35244	39	9cdb553d0fbd
1774258113	35112	39	ba8a84f35a92
1774257588	35092	39	e8e3bac692ec
1774257382	35080	39	98a05494b346
1774257203	35037	39	4f44cd74946a
1774257097	35130	39	a8df7ad2e152
1774256779	35251	39	bd1a8518e9b6
1774256746	35200	39	fdc557ab20e1
1774250317	35169	39	22597cc0db08
1774219219	35167	39	687702da3bea
1774219054	35167	39	dcdfd72b4d4e
1774218989	35226	39	2e0d6d75b2f3
1774218650	35230	39	7f77edc39c72
1774218466	35245	39	e814397fa6cf
1774218173	35245	39	1993aa106b66
1774218035	35172	39	faa7af798faa
1774217684	35101	39	857c406becc0
1774217589	35397	39	262d4dd339c1
1774217143	35397	39	dda1a62af6e1
1774217050	35397	39	6f5de02241d6
1774216966	35397	39	4d26bf9cd42a
1774216281	35397	39	2f2dd9fa3911
1774216250	35398	40	c81330a0e12c
1774215838	35399	41	beb978ee2692
1774215669	35398	40	cd6f1ceaec49
1774215595	35398	40	2c387afe4706
1774215462	35159	40	016e893f99b5
1774215225	35135	40	a32626a16616
1774215194	35135	40	003b2d085cfc
1774214872	35135	40	40a1baca3ec8
1774214685	35135	40	a7bf72cd6a40
1774214169	35135	40	0a1470ee0ea3
1774213779	35134	40	41733639dc3e
1774213580	35124	40	8aba153e2aa1
1774213414	35129	40	95d513df82c7
1774212771	35065	40	1367fce2e584
1774212553	35135	40	04b04457d460
1774212179	35245	40	6dd929ad9966
1774212146	35245	40	d133b7c1f283
1774211670	35245	40	19ea4b96d12e
1774211398	35117	40	85d14bba481e
1774211137	35094	40	8f7aceddc7dd
1774211089	35210	40	2b4a858c331a
1774210763	35346	40	46289b5e2226
1774210496	35344	40	cf38b9b72fc9
1774209950	35198	40	aaad213d616c
1774209852	35390	40	41466070f728
1774209747	35210	40	5c752735f89b
1774209359	35343	40	faaf8df7d592
1774208674	35315	40	373f105eb52a
1774208165	35264	40	8226d06ffa6f
1774207862	35258	40	a48bcc5a3f89
1774207839	35258	40	0a57758e7241
1774207692	35257	40	06ae2ec5aeaf
1774207569	35256	40	b30096358813
1774207543	35139	40	69cee58ded6e
1774204235	35138	39	9b29a5404984
1774203682	35217	39	dc1fe3c9232d
1774203525	35013	39	c53a860e3943
1774201415	35217	39	0b5c0e753b48
1774201041	35174	39	87aa7a8acac5
1774201016	30414	38	79cb822b8db0
1774200530	35176	39	c736c537e664
1774200454	35175	39	1e4589810855
1774200430	34989	39	273b075a739b
1774200351	34988	38	b6fc8b57518c
1774199960	30226	37	1e2081d2c27b
1774199845	30226	38	84cd565ba49a
1774199634	30226	37	3d52314fee12
1774199547	30225	37	7e8edf12af9c
1774199509	30028	37	90cdad48053a
1774194823	30027	36	b277df1872d1
1774194615	29993	36	0034b98c7753
1774194528	29992	36	85a9ac153cf3
1774194379	29796	36	c76665fdda13
1774185040	29795	35	24152bac77a3
1774184816	29795	35	b9a9268d9798
1774184756	29735	35	9b3e7b63dc7b
1774184696	29683	35	863dae96fa6f
1774184463	29628	35	da8c64a1c34a
1774184162	29622	35	0e4dd35d259f
1774183076	29585	35	5bcacc1544ee
1774182775	29584	35	a9d45bb4792c
1774182734	29450	35	0fe44e884037
1774182582	29450	35	fff07293a84d
1774182431	29449	34	3d809bf921e7
1774182067	28506	33	893b7230ca6d
1774181639	28516	33	4197dff205a4
1774181533	28515	33	63776611d635
1774181406	28374	33	c3a00f4bc687
1774181339	26295	32	29ca24098d59
1774177723	26294	31	7100d6b43dbf
1774177642	26276	31	8ac55053bcdf
1774177101	26258	31	f84c1551c785
1774176700	26258	31	f1a87d867235
1774176667	26294	31	d77370afaee4
1774176361	26294	31	fdc6e811b433
1774176223	26295	31	14f05c73d15e
1774175779	26295	31	1749b42ed743
1774175508	26294	31	47b3ba6bfc88
1774175138	26135	31	4113bde301cb
1774174973	24899	30	09dcb9868d1f
1774162711	24898	29	4ed655666a8a
1774145160	24896	29	10fe083a84ac
1774144881	24897	29	731fa85481a7
1774144816	24896	29	9982cfb6a109
1774143936	24755	28	5bba15df8bcf
1774143594	24755	28	424077202aa5
1774143289	24801	28	06cef5f05d6d
1774143242	24661	28	a24fa98d3c9e
1774143163	24819	28	9a233eca6769
1774141368	24754	28	da04cc36d744
1774141240	24753	28	a2fbcf2b55d0
1774141089	24730	28	3cb5adc3851e
1774140629	9548	27	947dd190f85a
1774140598	9450	27	45c85d85cc5d
1774138689	9449	26	0bd7fb5f5e84
1774138170	9447	26	8b43e5a3e5e3
1774137791	9445	26	ba9fa25dba4a
1774137142	9443	26	7c4841ae0176
1774136239	9441	26	b4348e51e025
1774134931	9444	26	6c6c49cfe192
1774132553	9438	26	631daaa621ad
1774131780	9441	26	740bb3f1e3d4
1774130939	9446	26	cdc05b007956
1774128531	9444	26	07b0e9eb7fd2
1774127997	9439	26	a5e61a0ff65f
1774127701	9436	26	a6fafba6fc69
1774127597	9434	26	2295bfd85227
1774127532	9473	27	02a78b61b8da
1774126887	9422	26	5a457ca8c775
1774126609	9390	26	63a32976e2bc
1774125544	9468	27	152b2b8fe76e
1774124636	9466	27	27160ecfb391
1774124568	9462	27	aa64e561a2f5
1774124292	9429	27	42828e1b2e47
1774124039	9427	27	3b821a170a42
1774124013	9389	27	8844da5239f9
1774123990	9388	26	1763f478a5c9
1774123972	9389	27	ca21c5070107
1774123885	9388	26	2421dd45df7e
1774119607	9386	26	a74e7764d033
1774119347	9366	26	c5bf86a84a04
1774104475	9358	26	3fb66ca93c0a
1774104293	9288	25	2a61306221d8
1774104177	9288	25	23839fb90642
1774100958	9288	25	a6ad10c8b67e
1774100820	9288	25	c5504f88a45e
1774100658	9257	25	0678c3005567
1774099536	9242	25	9b894fa52a7e
1774099424	9242	25	83cfa25a9d91
1774099332	9235	25	07c0902cccf9
1774099185	9216	25	b6d42af79454
1774099037	9215	25	616c22722a9d
1774094342	9309	25	5f06dddee2e2
1774094308	9312	25	c4f61a5a7044
1774094267	9369	25	65b20435a49c
1774093672	9324	25	c25c82b8377a
1774093481	9322	25	57b561a86224
1774092940	9388	25	6da44459489f
1774092560	9310	25	257a05affae3
1774092408	9296	25	8682c1f4b542
1774092158	9296	25	450e60432f66
1774092031	9287	25	de126facaade
1774091905	9286	25	5b2df96fab31
1774091756	9281	25	173dfd4a3744
1774091717	9175	25	a7fab5c6fe4a
1774091509	9174	24	9005ad4dc828
1774091072	9126	24	681767c4d36b
1774090800	9186	24	76af4240122d
1774090681	9126	24	7d59f39872b4
1774090289	9089	24	50f83b62599b
1774075047	9088	23	661e758d1ab8
1774065020	9088	23	12fc818ae159
1774064895	9088	23	5462993b53bd
1774064867	9135	23	2e600140b581
1774064823	9161	23	1ab3d07964f2
1774064591	9116	23	cf23838f2aee
1774064543	9058	23	a71345c5375e
1774064321	9038	23	79aa94adb96d
1774064263	9011	23	243a79124ec4
1774064209	9137	23	f65b834ff5a0
1774063361	9276	23	9e2615562480
1774063211	9289	23	ab71c3c6e3fb
1774063181	9275	23	211aaf62c9b6
1774062964	9275	23	69b567d6a82e
1774062675	9271	23	9f0162e84495
1774062062	9244	23	51b4f4263a0e
1774061282	9244	23	f7399af29bcf
1774061250	9170	23	26b04db03012
1774060975	9170	23	170491b8b05f
1774060685	9170	23	3530451a1530
1774060622	9164	23	263faba93b8e
1774060131	9166	23	95680c5df289
1774059547	9129	23	a6a90511dfe4
1774059083	9129	23	53668e6eea1d
1774058982	9041	23	e93251c26ccb
1774058617	9046	23	d9b314bc547f
1774058435	9094	23	809cb90029bc
1774058316	9129	23	9f3328567ad9
1774057820	9129	23	967f08d7c3e4
1774057782	9003	23	2733d56710e2
1774057709	9129	23	f1e829965f23
1774057243	9120	23	5d3d6fd947fd
1774057119	9135	23	21918c1efa8d
1774056795	9111	23	6826f9424204
1774056615	9110	23	ac4153f1ff1b
1774056173	9122	23	d674bd76e6a6
1774055956	9101	23	845feb271892
1774055607	9082	23	17581c52fde8
1774055445	9160	23	55e33c7108c2
1774055270	9092	23	c21d7b2ad33f
1774055123	9135	23	fa2b69b7a5ec
1774054742	9117	23	d577eb971c2f
1774054321	9118	23	c6b9e5480b4c
1774054290	9138	23	33091820af3e
1774054238	9144	23	7ccbe4a3de35
1774053958	9179	23	4d8eece0ceab
1774053840	9179	23	5b685f45c30b
1774053803	9185	23	5910d9e72528
1774053712	9186	23	5a2000fdac1c
1774053651	9184	23	19bfebdb7812
1774052892	9213	23	cb32c2f7ae24
1774052211	9083	23	2d18a50f6167
1774051911	9100	23	7a782129769a
1774051685	9214	23	754ead1077e4
1774051471	9352	23	3c31ccdd05d2
1774051284	9426	23	dab0a774bdf3
1774050320	9384	23	d0da6bbedf45
1774050068	9384	23	a4bb1bb4af35
1774049705	9295	23	783bef541a16
1774049615	9225	23	274a82d24ca1
1774048580	9295	23	d476021f80a3
1774047201	9211	23	66abd01418ff
1774047066	9176	23	587b7bc54e2b
1774046880	9103	23	5ca53fd890de
1774046348	9220	23	79adb64bc43a
1774046117	9228	23	4266c5fefffe
1774045525	9110	23	ab88762810b2
1774045229	9093	23	e740eb11bc40
1774041412	9077	23	2ffbd04689fb
1774040629	9052	23	3447f6fb89f8
1774040286	9008	23	b4b53ed470a9
1774040119	9075	23	f5dad7e17658
1774038820	9068	23	28f6ef8ade0c
1774038643	9070	23	34b07badb063
1774038199	9035	23	0da479c2be6c
1774037965	9056	23	ac0cc17b669f
1774037442	9040	23	ffab1ed1785c
1774037122	9048	23	48d3a509b607
1774036600	9060	23	9c14b7005eb9
1774035937	9066	23	b85cc5faefc6
1774035902	9066	23	d769caa9e609
1774035773	9053	23	aef8c0830d7f
1774034241	9000	23	7444d6214b52
1774033521	9000	23	ee11cd5bb7a6
1774033472	9000	23	5380548a6b76
1774028432	8999	23	02ee76f8ec45
1774028253	9005	23	1c059e791a2d
1774028180	8978	23	762a3035c6c6
1774027019	9005	23	57207ed6b02f
1774026722	8932	23	ef819e629dc1
1773990163	8931	22	31a993acd409
1773903850	8931	22	5a659e5f354c
1773901737	8931	22	10e70b0a5ed1
1773868891	8931	22	c9a714935a4c
1773868849	8931	22	f1bb14933b09
1773844515	8932	23	e8c6f5ad9b32
1773817673	8931	22	d6231ee2ff13
1773815680	8931	22	f0bbee6cba1e
1773794821	8931	22	a0f737469ea6
1773793472	8931	22	ef113bf3a74e
1773793344	8931	22	9bc641ef1895
1773793315	8934	22	84156194c811
1773793157	8913	22	e46bd5d9be6f
1773792711	8966	22	c794d46c13ea
1773792652	8961	22	9f183606d1e2
1773792574	8936	22	00afae005c11
1773792361	8953	22	6071205f60c7
1773792251	8953	22	e68e48095f85
1773792149	8947	22	96cd65568cf2
1773792011	8931	22	068b1e3035c7
1773791922	8947	22	e0ae0f7c278b
1773791760	8947	22	72ef620809cb
1773791458	8946	22	0c1ac23b003b
1773791233	8972	22	dc97db294bd7
1773791139	8967	22	68081e97fa6d
1773791059	8926	22	5050cf31c079
1773739689	8924	22	76149878609c
1773739403	8907	22	7c5549cae70d
1773703545	8903	22	e07f0866ca2d
1773700213	8902	22	3b20eb26a476
1773681631	8902	22	149148a54f18
1773674887	8902	22	0faafc1219ba
1773672312	8924	22	53b105b56d97
1773672180	8933	22	84251dba296b
1773672033	8936	22	8ca35fc0056d
1773671920	8921	22	9b16961d8180
1773671780	8921	22	5c0bfeb4bbb0
1773669669	8912	22	0ac8954f32fa
1773669627	8912	22	eb5c8d7e1534
1773669591	8912	22	273a0a7e113e
1773669552	8912	22	fee8c7d014d8
1773669490	8898	22	b06974c673bd
1773669187	8871	22	97cede1423fb
1773669111	8882	22	577f0da6e392
1773668990	8876	22	9294dc7a7407
1773668717	8899	22	ad5cc7e65352
1773668590	8889	22	b06f414066cb
1773668448	8889	22	9caa260a2813
1773668355	8898	22	2ef4197f0bb2
1773668243	8903	22	4f3685b3dc8c
1773667433	8891	22	128d82ea6b27
1773667260	8883	22	a1b445e84eaf
1773667182	8883	22	bbc05d8782dc
1773667163	8856	22	3227e1f6cba9
1773666850	8855	21	12cf9e3d1b0c
1773666827	8816	21	f22b2e20c504
1773661571	8815	20	fb86090c34dc
1773661489	8813	20	c620b5decf18
1773661471	8813	20	cb995a6a479e
1773661396	8811	20	1390836d70aa
1773661351	8731	20	86ae42f8833f
1773654176	8730	19	6413dbb76955
1773650194	8730	19	15a827a0a0b9
1773620399	8730	19	6bff2a3f849a
1773617689	8718	19	00d71af1b0b4
1773617303	8718	19	446af1814749
1773616887	8659	19	a5e6b8138987
1773616182	8659	18	6e59d2bcd25f
1773616119	8657	18	d4bab24162a9
1773616037	8655	18	32aeaa299b18
1773616022	8655	17	f5dd6d764201
1773615949	8655	18	fb7088b2a227
1773613862	8655	17	7e9c279af182
1773612833	8532	17	6b8c93aff936
1773612645	8530	17	3d70650a64de
1773612504	8530	17	fed1f7d58bfe
1773612259	8530	17	78d7c3c8f962
1773611800	8531	17	eaabdc32a8e8
1773611761	8529	17	eba9133cb1fb
1773611491	8524	17	b874f456f513
1773611320	8521	17	17b528747132
1773611200	8522	17	f001677c31f5
1773611027	8522	16	5b58ea8cfa88
1773610127	8521	16	2cd26975faef
1773604215	8522	16	8713dcd440d6
1773603191	8522	16	aedb549b679a
1773602870	8660	16	686f3ac8788a
1773602645	8444	16	3a6a80f2cf28
1773600670	8749	16	24b4eac60b48
1773599681	8646	16	919ff0e98b95
1773596141	8633	16	c341108230f8
1773595872	8523	16	547ea73db4ab
1773595453	8510	16	55ac377b6fbd
1773595300	8510	16	a66c10ea62fe
1773593595	8600	16	7548035e87cf
1773593299	8672	16	0d379071f032
1773589682	8283	16	21ebc51d1e2f
1773589632	8283	16	2dee0f1f2721
1773589516	8283	16	17b618dd8c2e
1773589412	8283	16	642bdb01d687
1773589205	8217	16	615278e4b97a
1773589143	8185	16	acd3cce515b6
1773589004	8281	16	45c99d455c5c
1773580549	8281	16	1a4ba0095c1a
1773580157	8281	16	1cf911f9243d
1773580117	8279	16	1c680a178419
1773580100	8279	16	f2665ef21df9
1773579879	8276	16	24adf143dcfe
1773579746	8266	16	ce35c1600be3
1773575876	8264	16	2d49ab74b025
1773575673	8264	16	3beb872dba21
1773575474	8264	16	b8c9f352bb37
1773574996	8248	16	5584e0b4b923
1773538857	8208	16	12e6ee4988c5
1773538611	8210	16	6f7c910cc3f6
1773538435	8208	16	4c3dfff543f9
1773537727	8211	16	7493d58fb100
1773537548	8208	16	8f62f7fd9f16
1773536815	8160	16	f82a56b8a939
1773536603	8075	16	d9169b9bdfc6
1773516095	8074	15	9b49191c3f77
1773515382	8167	15	fb5ea1c12530
1773513970	8073	15	b13649db76b9
1773513749	8073	15	20f04462e2ee
1773513445	8073	15	7bf7cc7eeb3d
1773513281	8074	15	92f703619835
1773513170	8072	15	a95834ebadac
1773512140	8065	15	55fd7f557aca
1773511710	8072	15	889b697a693f
1773511642	8076	15	c48668c8611b
1773511578	8080	15	2b50ecd7e9c8
1773510084	8084	15	dd9a00a89aa6
1773509207	8088	15	f5ffd61f06b5
1773508516	8092	15	ee3bb073a9aa
1773508330	8066	15	38dce10f96f4
1773504153	8111	15	988dc15e493e
1773504048	8111	15	968e1df2303a
1773503945	8111	15	49a3d8bb4813
1773503918	8049	15	96fc772a7ecd
1773502676	8048	14	097f105dc77f
1773502471	8055	14	745ed2616b69
1773502358	8055	14	c2a29d956562
1773501024	8055	14	9082e3b08a3a
1773500807	8055	14	381f43f70e81
1773500766	8054	14	8213d7991568
1773460649	8322	14	70d40c98ff35
1773460192	8239	14	655e2bc9a0d5
1773459805	8170	14	25157d66d52b
1773459457	8168	14	de3b0c598b69
1773459263	8168	14	b12ac2965d88
1773458838	8170	14	855578ba017b
1773458528	8165	14	d236fbbfea0e
1773457918	8009	14	c4f79af82e17
1773360865	8008	13	f07bfe182114
1773360300	7710	13	63fef7d5ed09
1773359463	7212	13	ebe88564217c
1773359433	7210	13	98487320a905
1773358821	6819	13	060a3dd021d5
1773358528	6821	13	eb81b2716f0e
1773356937	6316	13	355a0dee18db
1773355228	5756	13	3705f3d8dd86
1773353576	5382	13	8418a357ad39
1773353029	4915	13	ce93777f6c4b
1773352525	4413	13	af6c54af8954
1773352215	4206	13	2aa8b75ba174
1773351224	3805	13	3b6411dee9ad
1773350752	3501	13	caeab3286bb4
1773350104	3211	13	c45a84d1ee24
1773349778	2650	13	7bfcc38f7782
1773349693	2234	13	a83541802afd
1773349659	2231	13	bbb2d61d3dd1
1773349451	2233	13	0ae3a698406f
1773349248	1887	13	6a0d76d73c81
1773349206	1885	13	44c2ef0f7030
1773348953	1001	13	cd3b3d943df3
1773348844	999	13	32c0e414e60a
1773348605	994	13	2f58eca408db
1773347303	196	13	d5cac8656235
1773346928	196	13	56cde5a34b10
1773346833	196	13	8010db59d26e
1773346805	196	13	3f3e61171b22
1773346288	168	13	881eae3fbed1
1773346190	230	13	014c51fce8b6
1773346072	231	13	bdf140d254cc
1773345900	230	13	7e55c3b92b5e
1773345206	168	13	ccb8359aaf76
1773344915	131	13	746e4d0e562f
1773344658	123	13	23da4f1f6d62
1773344645	122	12	aac226ca3aba
1773344624	123	13	05e8b4863b76
1773344610	122	12	323f1f21a88b
1773344253	123	13	1b225c47def6
1773344209	124	13	363110f7731f
1773344030	124	13	7f1a67d46a19
1773343419	86	13	212e4e1073d0
1773343377	85	12	7ea9da8410c3
1773343315	84	11	f1af32ceee0d
1773343235	83	10	5e0c024e650f
1773343180	82	9	9286ea99d8d8
1773343143	81	8	397283a7bca9
1773343037	80	7	355a14d84f17
1773343003	79	6	e6cbc83e9c94
1773342956	78	5	c4fb93281010
1773342396	77	4	2b997c9bcd3a
1773342238	76	3	2d55096ee6b4
1773341827	75	3	2237efa434cd
1773341554	60	3	1deb6f67a65b
1773341029	57	3	1090ab2656d4
1773340963	42	3	8230aca1977f
1773340593	42	3	23fac829810f
1773340270	41	3	dc27dbeb6a1e
1773339941	11	3	797d45a6852f
1773339472	56	3	ba120741a23a
1773339418	59	3	68c973443496
1773334685	48	3	13838ae3ed22
1773334433	47	2	1cad84e69746
1773334304	47	2	6ec3605d56fe
1773333662	36	2	157a756c6737
1773332878	3	2	bbd858e3eb88
1773332784	2	1	880110b1d4be
